foodtype,shopname
舒适型,百祥假日宾馆(哈东站店)
经济型,汉庭(哈尔滨西大直街工大店)
经济型,宝丰瑞捷连锁酒店(宣化店)
高档型,最佳西方哈尔滨财富酒店
经济型,M9快捷宾馆
高档型,会华宫主题酒店(巴洛克街区店)
经济型,格林豪泰商务酒店(哈尔滨中央大...
经济型,如家快捷酒店(安国街店)
高档型,伯爵大酒店
舒适型,全季酒店(哈尔滨中山路店)
经济型,如家快捷酒店(花园街店)
经济型,莫泰酒店(红旗大街机场巴士店)
舒适型,民航空港宾馆(国际候机厅店)
经济型,广来商务酒店
经济型,如家快捷酒店(西客站红博广场店)
经济型,头等舱快捷宾馆
经济型,汉庭(哈尔滨滨江火车站店)
经济型,通达假日酒店
经济型,6+9宾馆
经济型,汉庭(哈尔滨火车站店)
高档型,哈尔滨东龙大酒店
经济型,禧龙宾馆(买卖街店)
经济型,荣耀上城温莎国际酒店(中央大街...
经济型,如家快捷酒店(哈尔滨果戈里大街...
经济型,新旺酒店式公寓(麦凯乐店)
经济型,大洋宾馆(哈药路店)
经济型,汉庭(哈尔滨新阳路店)
经济型,北北大酒店
经济型,麦凯乐四季家庭高档公寓(中央大...
四星级酒店,哈尔滨龙唐大厦宾馆
高档型,哈尔滨飞泷国际商务酒店
豪华型,哈尔滨凯宾斯基酒店
豪华型,哈尔滨万达嘉华酒店
经济型,如家快捷酒店(衡山路店)
经济型,汉庭(哈尔滨衡山路万达店)
经济型,7天优品酒店(哈尔滨和平路省政府...
经济型,禧龙宾馆(会展中心店)
豪华型,哈尔滨敖麓谷雅AOLUGUYA酒店
经济型,汉庭(哈尔滨西大直街店)
经济型,汉庭(哈尔滨东大直街店)
高档型,维也纳酒店(哈尔滨中央大街店)
经济型,四季时尚酒店
经济型,匕天连锁酒店(哈尔滨松北太阳岛...
经济型,如家快捷酒店(公滨路安埠店)
经济型,瑷度时尚主题宾馆
经济型,OneNight太空舱公寓
经济型,如家快捷酒店(哈尔滨会展中心龙...
四星级酒店,哈尔滨银河大酒店
四星级酒店,哈尔滨翰林天悦大酒店
经济型,汉庭(哈尔滨前进路店)
经济型,时佳快捷酒店(果戈里大街店)
经济型,北方国际青年旅舍
经济型,春天连锁宾馆(开发区龙塔店)
经济型,天盈时尚快捷宾馆(省医院店)
舒适型,诺曼蒂酒店
经济型,爱呀主题宾馆
经济型,黑龙江民航宾馆
经济型,春天连锁宾馆(宽城桥店)
高档型,哈尔滨博物馆亚朵酒店(博物馆店)
高档型,龙门客栈(哈尔滨中央大街店)
公寓式酒店,逸林小筑酒店公寓(中央大街店)
公寓式酒店,白领公寓(麦凯乐B座店)
经济型,7天连锁酒店(哈尔滨承德街客运站...
高档型,斯堡莱登酒店
经济型,禧龙宾馆(果戈里店)
三星级酒店,香江酒店(中央大街店)
经济型,海友客栈(哈尔滨中央大街店)
经济型,香橙假日酒店
高档型,哈尔滨欧泰商务宾馆
经济型,苹果假日酒店(会展中心CBD创艺店...
经济型,糖果假日宾馆(旭晨店)
经济型,7天连锁酒店(新阳路店)
经济型,卡兹国际青年旅舍
经济型,鑫彩宾馆(果戈里大街分部店)
高档型,哈尔滨龙达假日酒店
公寓式酒店,好佰客酒店公寓(中央大街店)
经济型,东方宾馆(中央大街一店)
经济型,春天连锁宾馆(和兴路店)
经济型,四季云端连锁宾馆(哈站店)
舒适型,欧罗巴宾馆
经济型,拉斐尔宾馆
舒适型,卓越连锁酒店(中央大街二店)
经济型,如家快捷酒店(汉水路店)
经济型,理想假日宾馆(中央大街店)
经济型,如家快捷酒店(安发店)
经济型,汉庭(哈尔滨花园街秋林店)
经济型,汉庭(民航路店)
经济型,春天连锁宾馆(会展中心三店)
经济型,禧龙宾馆(经纬店)
经济型,东易世家连锁宾馆(江畔店)
经济型,苹果时尚酒店(中央大街友谊路店)
经济型,如家快捷酒店(公滨路店)
经济型,鑫彩宾馆(地铁站西大桥店)
三星级酒店,天植大酒店
经济型,汉庭(哈尔滨火车站广场店)
四星级酒店,黑龙江昆仑大酒店
经济型,7天连锁酒店(哈尔滨承德广场店)
经济型,袋鼠宾馆(中央大街西二道街店)
经济型,7天连锁酒店(站前广场店)
经济型,尚都商务酒店(大安店)
舒适型,寒舍客栈(巴洛克店)
经济型,春天连锁宾馆(公滨路店)
经济型,春天连锁宾馆(友谊路社区店)
舒适型,棠枫艺术酒店(江畔店)
经济型,东方宾馆(中央大街二店)
经济型,72变主题宾馆
高档型,哈尔滨国际饭店
经济型,如家快捷酒店(西大直街学府路店)
经济型,莫泰酒店(新阳店)
经济型,春天连锁宾馆(会展中心店)
经济型,滨宇精品酒店(中央大街店)
经济型,春天连锁宾馆(中山路店)
经济型,汉庭(哈尔滨索菲亚广场店)
高档型,哈尔滨格萨尔王大酒店
舒适型,绿神假日宾馆(会展中心南直路店)
经济型,海悦宾馆
经济型,格林豪泰快捷酒店(工业大学店)
经济型,汉庭(哈尔滨东大直街秋林店)
经济型,7天连锁酒店(哈尔滨会展中心店)
经济型,莫泰酒店(会展中心公滨路店)
三星级酒店,天天假日快捷酒店
高档型,海龙泉酒店
经济型,如家快捷酒店(乌鲁木齐宝山路店)
舒适型,东梁宾馆
经济型,名流快捷宾馆(南湖北路店)
经济型,京程酒店(铁路局店)
经济型,圣丹亚凯富主题酒店
经济型,金丰假日宾馆
经济型,大方电梯商务公寓
高档型,花园大酒店
经济型,天奕宾馆
更多酒店住宿,军涛欧式主题酒店(南湖广场店)
经济型,汉庭(乌鲁木齐二宫体育馆店)
舒适型,沙漠绿洲水疗会所客房
经济型,莫泰酒店(区中医院五一路店)
经济型,汇川商务酒店
经济型,锦江之星(天津中山路店)
经济型,友缘观景酒店式公寓
豪华型,天津丽思卡尔顿酒店
经济型,99旅馆连锁(三马路店)
经济型,汉庭(天津南楼店)
经济型,7天连锁酒店(天津解放南路店)
经济型,生活派酒店(津塘公路店)
经济型,桔子酒店(北安桥店)
经济型,7天连锁酒店(天津成林道万新村店...
经济型,如家快捷酒店(天津西站店)
经济型,格林豪泰快捷酒店(天津滨江道店)
经济型,如家快捷酒店(五大道景区汉阳道...
经济型,如意空间商务酒店
高档型,锦龙国际酒店
精品酒店,威玖国际酒店(徐东店)
高档型,武汉东鑫大酒店
豪华型,武汉光谷凯悦酒店
高档型,武汉西域楚商大酒店
经济型,汉驿连锁旅店(黄鹤楼户部巷店)
经济型,毕优特光谷尚都酒店
经济型,城市便捷酒店(武汉东亭路店)
经济型,如家快捷酒店(武汉光谷软件园路...
经济型,汉庭(武汉光谷广场店)
经济型,城市便捷酒店(武汉黄浦店)
经济型,汉庭(武汉光谷天地店)
经济型,7天连锁酒店(武汉黄鹤楼司门口店...
经济型,汉庭(武汉大学店)
经济型,福缘百合假日酒店(琴台地铁站店)
经济型,如家快捷酒店(汉口火车站常青路...
舒适型,方圆商务酒店(医学院精品店)
经济型,金誉精品酒店(二七广场店)
经济型,毕加索时尚酒店
经济型,山楂树情侣酒店(农业路店)
经济型,7天连锁酒店(郑州火车站二马路店...
经济型,艾尔玛时尚酒店(火车站西广场店)
经济型,罗曼蒂克宾馆
经济型,郑百商务宾馆
经济型,锦江之星品尚(郑州万达广场华山...
经济型,四季花园酒店
豪华型,悦温泉精品酒店
舒适型,盘古云舍精品酒店(会展中心CBD店...
经济型,格兰大酒店
高档型,郑州江南春温泉度假酒店
经济型,西米娅精品酒店
经济型,清沐连锁酒店(山西路鼓楼区政府...
经济型,豪庭酒店公寓(夫子庙店)
经济型,锦江之星品尚(南京汉中门店)
经济型,铂庭精品水晶酒店(玄武湖鼓楼地...
经济型,如家快捷酒店(南京新街口管家桥...
经济型,清沐连锁酒店(南京湖南路狮子桥...
经济型,7天优品酒店(南京夫子庙地铁站店...
经济型,条形码艺术酒店(南京夫子庙游戏...
经济型,维斯特精品酒店(天润广场店)
经济型,如家快捷酒店(虎踞北路店)
舒适型,天盛好庭酒店
经济型,海友客栈(南京鼓楼店)
四星级酒店,翠屏山宾馆
经济型,7天优品酒店(南京夫子庙长乐路店...
经济型,汉庭(南京黄埔路店)
经济型,城市便捷酒店(广州同德围店)
经济型,史遇主题旅馆(中大鹭江店)
经济型,7天连锁酒店(广州中大北门广场店...
高档型,广州大学城雅乐轩酒店
高档型,广州莱福广武酒店
经济型,如家快捷酒店(五羊新城五羊邨地...
四星级酒店,广东大厦
经济型,如家快捷酒店(广州番禺洛溪大桥...
经济型,如家快捷酒店(东山口地铁站店)
经济型,文星连锁酒店(天平架店)
经济型,私享家连锁酒店公寓(北京路金润...
豪华型,广州冠盛皇室堡酒店（天河店）(...
五星级酒店,广州科尔海悦酒店
四星级酒店,东方国际饭店
经济型,如家快捷酒店(广州上下九步行街...
五星级酒店,衡山宾馆
豪华型,上海圣淘沙万怡酒店
四星级酒店,上海索菲特海仑宾馆
经济型,艾森概念酒店(江苏路店)
舒适型,全季酒店(上海徐家汇肇嘉浜路店)
经济型,如家快捷酒店(杨浦大桥隆昌路地...
舒适型,维也纳酒店(上海世博园店)
豪华型,上海明悦大酒店
豪华型,上海雅诗阁淮海路服务公寓
经济型,锦江之星(上海恒隆广场店)
经济型,格林豪泰商务酒店(静安寺地铁站...
经济型,锦江之星(上海金桥路店)
舒适型,上海五角场智选假日酒店
经济型,锦江之星(上海陆家浜路店)
经济型,莫泰酒店(上海新天地徐家汇路店)
高档型,阅微庄四合院宾馆
五星级酒店,北京世纪金源香山商旅酒店
舒适型,Sirena猫宿国际青年公寓
经济型,汉庭(北京广渠门地铁站店)
经济型,山水时尚酒店(八角店)
豪华型,海德温泉酒店
经济型,如家快捷酒店
高档型,内蒙古宾馆
高档型,华滨国际大酒店
经济型,如家快捷酒店(雍和宫交道口店)
经济型,微客酒店
经济型,锦江之星(北京上地科技园店)
豪华型,人卫酒店(原康源瑞廷酒店)
四星级酒店,北京西单美爵酒店
四星级酒店,北京建国饭店
高档型,御龙湾艺术酒店
经济型,维也纳酒店(深圳石岩汽车站店)
四星级酒店,深圳中航城格兰云天大酒店
三星级酒店,名兰苑酒店
豪华型,艺嘉国际大酒店
高档型,深圳中南海怡酒店
豪华型,维纳斯皇家酒店(深圳沙井麒麟店)
高档型,深圳新年酒店
高档型,深圳万德诺富特酒店
高档型,深圳三联大酒店
经济型,海岸秀月楼酒店
经济型,锦江之星(深圳南山前海路店)
经济型,城市客栈酒店(欢乐谷店)
经济型,万福世纪酒店
经济型,7天连锁酒店(深圳国贸地铁站店)
高档型,深圳格兰德假日酒店
高档型,深圳福青龙华天假日酒店
豪华型,深圳湾科技园丽雅查尔顿酒店
经济型,睿士国际酒店(原欧兰斯酒店大浪...
舒适型,爱丽丝精品酒店
经济型,美景湾酒店
五星级酒店,深圳观澜湖度假酒店
经济型,贵彬宾馆
经济型,7天连锁酒店(华强北燕南地铁站店...
舒适型,维也纳酒店(深圳龙岗盛平店)
舒适型,维也纳酒店(深圳凤凰路店)
豪华型,深圳南山鸿丰大酒店
舒适型,喜玛拉雅酒店(龙华店)
舒适型,富驿时尚酒店(深圳东湖公园店)
经济型,H'life 华里酒店(华侨城店)
经济型,7天连锁酒店(深圳华强南店)
高档型,深圳星铂酒店
豪华型,五洲宾馆
舒适型,艺登主题酒店(深圳海上世界店)
高档型,深圳弘都酒店
高档型,深圳博园商务酒店
经济型,如家快捷酒店(深圳八卦岭红岭北...
三星级酒店,深圳上海宾馆
经济型,深圳美舍客栈(较场尾2号店)
经济型,如家快捷酒店(深圳华强北店)
公寓式酒店,凤凰印象公寓
三星级酒店,深圳机场大酒店
高档型,深圳维景酒店
经济型,7天连锁酒店(万象城店)
经济型,格林联盟酒店(深圳梅林店)
高档型,深圳星雅轩酒店
高档型,城市酒店(梅坂大道店)
高档型,深圳昇逸酒店
舒适型,深圳6号花园客栈
舒适型,八方精品酒店(莲花山店)
舒适型,呼噜栈酒店(中信店)
经济型,城市客栈-华侨城创意园店
经济型,7天连锁酒店(深圳大学学府东路店...
经济型,缘分精品酒店(深圳梅林店)
高档型,深圳宝安华盛希尔顿花园酒店
豪华型,深圳麒麟山庄
经济型,格林豪泰快捷酒店(深圳火车东站...
舒适型,维也纳酒店(深圳油松店)
高档型,深圳金中环酒店公寓
经济型,7天连锁酒店(深圳南山前海店)
精品酒店,卡瑞登酒店(北站店)
经济型,7天连锁酒店(深圳福田口岸地铁站...
经济型,锦江之星(深圳福民路店)
经济型,维也纳酒店(深圳双龙地铁站店)
舒适型,维也纳酒店(深圳南新路店)
经济型,大梅沙奥特莱斯湖心岛公寓
经济型,如家快捷酒店(深圳黄贝岭凤凰路...
经济型,7天连锁酒店(福华路店)
经济型,7天连锁酒店(深圳上梅林地铁站店...
经济型,维多利亚商务酒店(翻身地铁站店)
高档型,大梅沙湾游艇度假酒店
豪华型,摩登克斯酒店
经济型,城市便捷酒店(深圳龙华汽车站店)
五星级酒店,深圳富苑皇冠假日套房酒店
经济型,七街公馆
经济型,如家快捷酒店(深圳火车站店)
高档型,深圳东部华侨城菩提宾舍(东部华...
豪华型,深圳前岸国际酒店
五星级酒店,深圳香格里拉大酒店
经济型,鹏恒太空舱酒店
经济型,汉庭酒店(深圳东门步行街店)
经济型,莫泰酒店(深圳皇岗店)
四星级酒店,新都酒店
舒适型,维也纳酒店(深圳海湾店)
五星级酒店,宝利来国际大酒店
经济型,莱卡橙子酒店
经济型,西涌迷你度假屋
经济型,城市客栈(世界之窗店)
高档型,登喜路酒店(深圳宝安店)
高档型,深圳澳城花园酒店
豪华型,曼湾禾田居度假酒店
高档型,波托菲诺国际公寓
经济型,如家快捷酒店(机场店)
经济型,如家快捷酒店(深圳东站布吉老街...
高档型,深圳登喜路酒店(蛇口店)
经济型,景江酒店(会展中心店)
高档型,六星汽车宾馆(深圳龙岗中心城店)
高档型,华里精品酒店(深圳南山大道店)
高档型,深圳万悦格兰云天大酒店
舒适型,全季酒店(深圳会展中心店)
舒适型,维也纳酒店(深圳梅林路店)
经济型,瑞来客栈(深圳机场后瑞地铁站店)
舒适型,维也纳酒店(深圳爱榕路店)
高档型,鹏威酒店
舒适型,维也纳酒店(深圳银湖地铁站店)
五星级酒店,深圳恒丰海悦国际酒店
舒适型,维也纳酒店(深圳大学城店)
经济型,汉庭(深圳华强中心公园店)
经济型,悦来客栈(深圳南山地铁站店)
豪华型,兰赫美特酒店
三星级酒店,商旅时尚酒店
客栈旅舍,大旅小舍游多多客栈
豪华型,深圳友和国际大酒店(中心城店)
经济型,如家快捷酒店(深圳新洲店)
高档型,红桂大酒店(红桂路店)
高档型,深圳皇朝商务酒店
经济型,7天连锁酒店(深圳会展中心店)
五星级酒店,深圳马哥孛罗好日子酒店
高档型,东方山水酒店(深圳南山店)
高档型,维也纳国际酒店(深圳华南城店)
经济型,7天连锁酒店(深圳华强北地铁站店...
高档型,维也纳国际酒店(深圳龙华万众城...
高档型,新桃园酒店(深圳海岸店)
高档型,深圳福朋喜来登酒店
经济型,如家快捷酒店(东门步行街晒布地...
经济型,如家快捷酒店(深圳竹子林店)
高档型,深圳东部华侨城咖酷旅馆
经济型,深圳海边小筑精品客栈(地中海店)
五星级酒店,深圳深航国际酒店
更多酒店住宿,千百度特色酒店(深圳东门店)
经济型,夏日酒店
经济型,莫泰酒店(深圳八卦岭红岭北路店)
高档型,兰廷酒店(深圳北站店)
高档型,莱卡精品酒店（深圳宝安店）(原...
豪华型,深圳999丹枫白露酒店
高档型,维也纳国际酒店(深圳大剧院店)
豪华型,圣淘沙酒店(翡翠店)
豪华型,深圳绿景锦江酒店
高档型,布吉可域酒店（深圳东站店）(原...
五星级酒店,深圳阳光酒店
豪华型,深圳益田威斯汀酒店
五星级酒店,深圳观澜格兰云天国际酒店
豪华型,深圳美伦雅诗阁服务公寓
经济型,八号连锁酒店(世界之窗二分店)
高档型,深圳皇悦酒店
舒适型,呼噜栈酒店(香蜜湖店)
经济型,深圳西冲（西涌）海角一号客栈
高档型,深圳维纳斯酒店(北站店)
高档型,蓬客精品酒店(海岸城店)
豪华型,中海凯骊酒店
豪华型,深圳华强广场酒店
五星级酒店,深圳圣廷苑酒店
高档型,溪涌·悦榕湾工人度假村
五星级酒店,深圳东方银座美爵酒店
客栈旅舍,深圳面包树主题民宿
经济型,7天连锁酒店(深圳北站店)
经济型,锦江之星(深圳罗湖口岸万象城店)
三星级酒店,格林豪泰商务酒店(深圳东门店)
高档型,深圳帝文娜公馆酒店
舒适型,天使恋人情侣主题酒店(翠竹情缘...
豪华型,深圳凯宾斯基酒店
舒适型,维也纳酒店(深圳南山亿利达店)
高档型,深圳东部华侨城黑森林酒店
高档型,深圳芝加哥国际公寓
高档型,维也纳酒店(深圳横岗新城店)
豪华型,隐秀山居酒店
经济型,维也纳3好酒店(深圳梅龙路店)
五星级酒店,深圳富临大酒店
舒适型,维也纳酒店(深圳民治店)
高档型,深圳视界风尚酒店
经济型,栖游青年旅馆太空舱胶囊公寓
豪华型,深圳蛇口希尔顿南海酒店
高档型,深圳雅枫国际酒店
经济型,莫泰酒店(深圳华强路地铁站店)
五星级酒店,彭年酒店
更多酒店住宿,天使恋人情侣主题酒店(万象诚爱...
舒适型,维也纳酒店(深圳爱国路店)
高档型,葵花酒店公寓(石厦北一街店)
四星级酒店,深圳海景嘉途酒店(原奥思廷酒店)
经济型,维也纳酒店(深圳观澜高尔夫店)
高档型,山水时尚酒店(深圳罗湖口岸店)
豪华型,深圳福田香格里拉大酒店
豪华型,深圳湾木棉花酒店
高档型,柏斯顿酒店
高档型,维也纳酒店(深圳华之沙店)
豪华型,深圳东部华侨城茵特拉根酒店
豪华型,金茂深圳 JW 万豪酒店
高档型,维也纳国际酒店(深圳李朗珠宝园...
高档型,深圳雅庭精品酒店
高档型,维也纳国际酒店(深圳新洲店)
豪华型,深圳博林圣海伦酒店
高档型,深圳东部华侨城瀑布酒店
高档型,蓬客精品酒店(万象城店)
豪华型,深圳皇轩酒店
舒适型,维也纳酒店(深圳机场店)
豪华型,深圳瑞吉酒店
高档型,维也纳酒店(深圳福华路店)
五星级酒店,深圳大梅沙京基喜来登度假酒店
五星级酒店,深圳华侨城洲际大酒店
经济型,如家快捷酒店(深圳东门湖贝地铁...
豪华型,深圳东海朗廷酒店
五星级酒店,深圳星河丽思卡尔顿酒店
舒适型,卡罗精品酒店(东门老街店)
豪华型,深圳皇庭V酒店
高档型,维也纳国际酒店(深圳北站店)
舒适型,维也纳酒店(深圳东门店)
豪华型,深圳君悦酒店
高档型,深圳新世界伟瑞酒店(原新世界都...
经济型,如家快捷酒店(深圳南山区南山大...
经济型,天鹅恋情侣主题酒店(南山地铁站...
经济型,汉庭(北京永定路店)
舒适型,斯洛主题酒店(北京南站洋桥店)
经济型,布丁酒店(北京中关村店)
经济型,布丁酒店(北京西站店)
经济型,锦江之星(北京西客站店)
经济型,慕田峪长城鱼师傅乡村酒店
豪华型,北京泰山饭店
经济型,7天连锁酒店（北京工业大学平乐...
四星级酒店,北京珀丽酒店
豪华型,北京海淀永泰福朋喜来登酒店
经济型,速8酒店（北京回龙观西大街店）(...
五星级酒店,长富宫饭店
经济型,汉庭(北京牡丹园店)
四星级酒店,中国职工之家
高档型,阅微庄四合院宾馆
经济型,7天连锁酒店(北京西直门展览馆店...
经济型,汉庭(北京五道口清华园店)
经济型,7天连锁酒店(北京十里堡华堂商场...
高档型,北京德胜门华宇假日酒店
经济型,如家快捷酒店(北京门头沟双峪环...
舒适型,全季酒店(北京宣武门店)
四星级酒店,北京京伦饭店
经济型,海友酒店(北京鸟巢店)
经济型,国汉主题宾馆(东直门店)
高档型,北京檀驿栈精品酒店
豪华型,北京京瑞温泉国际酒店
四星级酒店,内蒙古大厦
经济型,十渡旅游坡子农家院
五星级酒店,丰大国际大酒店
高档型,意大利农场
四星级酒店,金龙潭大饭店
经济型,如家快捷酒店(北京国贸双井地铁...
经济型,汉庭(北京清华东门店)
豪华型,北京东升凯莱酒店
五星级酒店,北京新世纪日航饭店
经济型,锦江之星(北京首都国际机场店)
舒适型,北京上巢酒店
高档型,北京明豪戴斯酒店
五星级酒店,北京世纪金源大饭店
经济型,汉庭(北京三里屯店)
经济型,7天连锁酒店(北京双井地铁家乐福...
豪华型,鑫海锦江大酒店
经济型,7天连锁酒店(北京上地三街店)
豪华型,国家会议中心大酒店
舒适型,北京上地智选假日酒店
五星级酒店,北京昆仑饭店
舒适型,太阳花酒店
五星级酒店,北京金融街威斯汀大酒店
经济型,MiniMe特色太空舱主题酒店
经济型,布丁酒店(北京朝阳大悦城店)
高档型,麗枫酒店(北京亚运村店)
五星级酒店,北京新云南皇冠假日酒店
四星级酒店,北京港中旅维景国际大酒店
豪华型,北京益田影人花园酒店
舒适型,北京望京华彩智选假日酒店
经济型,汉庭(北京华贸远洋中心店)
豪华型,长白山国际酒店
高档型,希岸轻雅酒店（北京大兴黄村店）...
高档型,泉谷酒店
高档型,北京方恒假日酒店
三星级酒店,府右街宾馆
四星级酒店,北京丽亭酒店
五星级酒店,北京中奥马哥孛罗大酒店
豪华型,北京东隅酒店
经济型,布丁酒店(国贸店)
经济型,心动主题酒店(燕莎中心店)
经济型,如家快捷酒店(北京劲松店)
经济型,汉庭(北京王府井店)
经济型,7天连锁酒店(北京西客站丽泽桥店...
经济型,7天连锁酒店(清河龙岗路店)
经济型,米高酒店(西三旗店)
高档型,北京贝尔特酒店
五星级酒店,北京北辰洲际酒店
经济型,锦江之星(北京通州北苑地铁站店)
高档型,鄂尔多斯艾力酒店
经济型,7天连锁酒店(定慧寺店)
经济型,锦江之星(北京马家堡店)
五星级酒店,贵宾楼饭店
五星级酒店,北大博雅国际酒店
经济型,格林豪泰商务酒店(北京学清路店)
豪华型,北京紫檀万豪行政公寓
高档型,政协会议中心酒店
豪华型,北京中信金陵酒店
经济型,速8酒店(北京西单大悦城店)
豪华型,北京金隅喜来登大酒店
高档型,百富怡大酒店
经济型,汉庭（北京朝阳大悦城店）(原十...
经济型,7天连锁酒店(清河永泰庄地铁站店...
五星级酒店,北京中关村皇冠假日酒店
经济型,如家快捷酒店(北京朝阳公园店)
经济型,桔子酒店·精选(北京亚运村店)
经济型,如家快捷酒店(北京燕莎使馆区美...
五星级酒店,北京希尔顿酒店
舒适型,维也纳酒店(北京花园路店)
经济型,7天连锁酒店(北京清河小营桥店)
四星级酒店,北京亚奥国际酒店
豪华型,北京长安街W酒店
经济型,如家快捷酒店(欢乐谷景区地铁站...
五星级酒店,北京天伦王朝酒店
豪华型,辽宁大厦
高档型,将台艺宫酒店
高档型,康福瑞连锁酒店(北京学院南路店)
经济型,汉庭(北京望京店)
豪华型,昆泰酒店
舒适型,北京亦庄智选假日酒店
经济型,锦江之星（北京清华东门店）(原...
高档型,泰悦豪庭酒店
豪华型,怡亨酒店
舒适型,爱温蒂主题酒店(青年路大悦城地...
舒适型,万爱情侣主题酒店(紫竹桥店)
更多酒店住宿,全季酒店(北京东单店)
豪华型,北京新世界酒店
高档型,北京华腾美居酒店
五星级酒店,北京西苑饭店
豪华型,颐和安缦酒店
豪华型,北京万达嘉华酒店
经济型,和家宾馆(安外店)
经济型,7天连锁酒店(北京志新桥店)
四星级酒店,静之湖度假酒店
豪华型,亚洲大酒店
经济型,锦江之星品尚(北京东直门使馆区...
高档型,桔子水晶酒店(安贞店)
经济型,7天连锁酒店(北京学院路二店)
经济型,三和概念酒店(五道口清华大学店)
五星级酒店,北京万达索菲特大饭店
舒适型,北京东直门智选假日酒店
豪华型,盘古七星酒店
舒适型,维也纳国际酒店(北京首体店)
高档型,北京四季苹果酒店(万达广场店)
五星级酒店,北京国际饭店
五星级酒店,金茂北京威斯汀大饭店
五星级酒店,昆泰嘉华酒店
舒适型,红驿栈酒店
豪华型,北京华彬费尔蒙酒店
经济型,7天连锁酒店(北京西站南广场二店...
五星级酒店,王府半岛酒店
豪华型,朗丽兹西山花园酒店
经济型,锦江之星(北京奥体中心店)
经济型,如家快捷酒店(北京苏州桥店)
更多酒店住宿,睿士主题酒店(北京西客站六里桥...
五星级酒店,北京丽晶酒店
豪华型,骏马国际酒店
豪华型,北京丽都皇冠假日酒店
豪华型,顺景温泉酒店
豪华型,北京JW万豪酒店
五星级酒店,北京千禧大酒店
五星级酒店,北京东方君悦大酒店
经济型,瓦当国际青年旅舍
经济型,如家快捷酒店(北京首都机场店)
经济型,7天连锁酒店(北京鸟巢店)
四星级酒店,北京新侨诺富特饭店
经济型,如家快捷酒店(北京天坛南门店)
经济型,锦江之星(北京广渠门店)
高档型,Hotel MOMC蔓兰酒店
五星级酒店,北京饭店
五星级酒店,北京香格里拉饭店
高档型,京仪大酒店
高档型,贵都大酒店
经济型,前门客栈(大栅栏店)
豪华型,北京华尔道夫酒店
经济型,万爱情侣主题酒店(双井店)
四星级酒店,北京海润艾丽华酒店及服务公寓
经济型,飘HOME连锁酒店(定慧桥店)
经济型,悦轩四合院青年旅舍
高档型,北京红杉假日酒店
经济型,汉庭(北京立水桥地铁站店)
高档型,和颐酒店(北京亚运村鸟巢店)
五星级酒店,北京励骏酒店
豪华型,北京康莱德酒店
豪华型,北京富力万丽酒店
舒适型,A-HOTEL酒店
五星级酒店,北京中国大饭店
高档型,曲水兰亭度假酒店
豪华型,古北水镇大酒店
经济型,如家快捷酒店(北京东直门北小街...
五星级酒店,北京国贸大酒店
舒适型,睿士主题酒店(北京南站木樨园店)
豪华型,瑜舍酒店
豪华型,北京柏悦酒店
豪华型,北京四季酒店
更多酒店住宿,时光漫步怀旧主题酒店(北京雍和...
经济型,如家快捷酒店(北京青年路大悦城...
四星级酒店,春晖园温泉度假酒店
舒适型,时光漫步怀旧主题酒店(国子监店)
舒适型,北京维洛纳主题酒店
经济型,速8酒店(北京前门店)
豪华型,北京希尔顿逸林酒店
舒适型,万爱情侣主题酒店(芍药居店)
经济型,北京考拉酒店(积水潭店)
经济型,色彩连锁酒店(国展一店)
高档型,桔子水晶酒店(崇文门店)
豪华型,北京王府井希尔顿酒店
经济型,水晶主题酒店
高档型,桔子水晶酒店(建国门店)
经济型,锦江之星(北京王府井店)
经济型,锦江之星(上海世博园区浦三路店)
四星级酒店,上海金外滩宾馆
经济型,如家快捷酒店(上海陆家嘴东方明...
经济型,锦江之星(上海锦江乐园店)
豪华型,上海虹桥美仑美居酒店
舒适型,桔子酒店精选(静安店)
经济型,汉庭(上海虹桥枢纽火车站店)
经济型,锦江之星(上海浦东机场二店)
经济型,汉庭(上海天山西路店)
五星级酒店,上海南新雅大酒店
经济型,锦江之星(上海顾村公园店)
五星级酒店,上海兴国宾馆
豪华型,上海漕河泾万丽酒店
经济型,汉庭(上海长寿路店)
高档型,西郊花园酒店
豪华型,上海国丰酒店
舒适型,全季酒店(上海火车站天目西路店)
豪华型,上海宝华万豪酒店
高档型,富驿时尚酒店(上海徐家汇体育场...
高档型,上海水舍酒店
经济型,蓝波万时尚精品酒店
高档型,上海御花园酒店
舒适型,全季酒店(上海徐家汇店)
经济型,万里路国际青年酒店
经济型,锦江之星(上海赤峰路店)
经济型,汉庭(上海虹桥机场店)
经济型,如家快捷酒店(高科西路店)
豪华型,上海巴黎春天新世界酒店
舒适型,桔子酒店精选(曹杨店)
经济型,汉庭(上海人民广场店)
经济型,如家快捷酒店(人民广场福州路上...
经济型,布丁酒店(人民广场店)
经济型,如家快捷酒店(上海江湾镇大柏树...
五星级酒店,上海东郊宾馆
经济型,莫泰酒店(金桥路国际商业广场店)
经济型,锦江之星(上海世博园区历城路店)
豪华型,上海崇明金茂凯悦酒店
高档型,上海浦西开元大酒店
经济型,7天连锁酒店(上海陆家嘴店)
四星级酒店,上海延安饭店
经济型,锦江之星(上海徐家汇交大店)
经济型,锦江之星(上海杨浦大桥店)
五星级酒店,上海红塔豪华精选酒店
经济型,如家快捷酒店(上海世纪公园店)
经济型,锦江之星(上海松江大学城店)
经济型,汉庭(上海陆家嘴浦东南路店)
经济型,雁荡主题酒店
经济型,零点依精致酒店(南翔古漪园店)
高档型,桔子水晶酒店(上海北外滩店)
高档型,安亭别墅花园酒店
豪华型,上海财大豪生大酒店
高档型,上海外滩花园酒店
经济型,莫泰酒店(北斗星商业广场店)
豪华型,上海外滩浦华大酒店
经济型,锦江之星(上海世博店)
高档型,美豪酒店(上海长寿店)
豪华型,上海兴荣温德姆酒店
经济型,锦江之星(上海外滩滨江店)
舒适型,全季酒店(上海淮海路店)
经济型,锦江之星(上海轻纺市场曹安路店)
经济型,锦江之星(上海花木店)
豪华型,上海东方商旅酒店
经济型,锦江之星(上海北外滩店)
五星级酒店,上海淳大万丽酒店
高档型,桔子水晶酒店(康桥店)
高档型,上海大华锦绣假日酒店
四星级酒店,上海浦东假日酒店
豪华型,上海中信泰富朱家角锦江酒店
五星级酒店,上海东锦江希尔顿逸林酒店
豪华型,上海大宁福朋喜来登酒店
经济型,汉庭(上海徐家汇南丹东路店)
四星级酒店,上海东怡大酒店
豪华型,思南公馆酒店
五星级酒店,上海豫园万丽酒店
高档型,上海浦西万怡酒店
舒适型,维也纳酒店(上海松江店)
五星级酒店,上海新世界丽笙大酒店
豪华型,上海神旺大酒店
豪华型,上海喜来登由由酒店
高档型,上海博地精品酒店
豪华型,上海金山锦江海鸥大厦
经济型,莫泰酒店(上海浦东南路八佰伴店)
四星级酒店,锦江建国宾馆
豪华型,上海外高桥喜来登酒店
五星级酒店,上海东方滨江大酒店
经济型,锦江之星(上海徐家汇宛平南路店)
舒适型,维也纳国际酒店(上海虹桥国展中...
经济型,锦江之星品尚(上海鲁迅公园店)
豪华型,上海虹桥雅高美爵酒店
经济型,锦江之星(上海真北店)
豪华型,上海璞邸精品酒店
高档型,上海五角场华美达大酒店
经济型,艾森主题酒店(止园路店)
经济型,锦江之星(上海陆家嘴店)
经济型,锦江之星(上海虹口足球场店)
舒适型,全季酒店(上海延安路店)
舒适型,全季酒店(上海周浦店)
经济型,艾享精品酒店(大柏树店)
五星级酒店,上海大厦酒店
经济型,苏州河畔国际青年旅舍(苏荷人民...
四星级酒店,上海古井假日酒店
豪华型,上海粤海酒店
舒适型,维也纳国际酒店(上海浦东新区秀...
经济型,莘虹玫时尚宾馆
舒适型,如家精选酒店(上海徐家汇店)
高档型,上海陆家嘴万信酒店
经济型,如家快捷酒店(上海南京路人民广...
豪华型,上海中星铂尔曼大酒店
五星级酒店,上海复旦皇冠假日酒店
五星级酒店,上海新发展亚太JW万豪酒店
经济型,汉庭(上海中山公园店)
豪华型,上海滴水湖皇冠假日酒店
经济型,锦江之星(淮海东路店)
经济型,锦江之星(上海武宁店)
经济型,锦江之星(逸仙路店)
高档型,太阳岛度假酒店
舒适型,塞纳风情主题酒店
四星级酒店,天平宾馆
豪华型,上海静安铂尔曼酒店
豪华型,上海中航虹桥机场泊悦酒店
高档型,上海徐汇和颐酒店
五星级酒店,上海宏安瑞士大酒店
五星级酒店,上海日航饭店
高档型,上海浦江饭店
舒适型,薇爱精品时尚酒店(上海西站店)
舒适型,爱之缘主题连锁酒店(南京西路静...
高档型,上海宝隆宾馆
四星级酒店,上海国际贵都大饭店
经济型,如家快捷酒店(上海陆家嘴八佰伴...
经济型,0578风情酒店(打浦路店)
舒适型,维也纳国际酒店(上海浦东新区万...
五星级酒店,上海浦东星河湾酒店
高档型,上海徐汇瑞峰酒店
五星级酒店,上海锦江华亭宾馆
豪华型,上海天禧嘉福璞缇客酒店
高档型,上海寰星酒店
舒适型,桔子酒店精选(西藏北路店)
五星级酒店,上海松江开元名都大酒店
豪华型,上海小南国花园酒店
五星级酒店,上海新锦江大酒店
五星级酒店,上海兴荣温德姆至尊豪廷酒店
高档型,上海南京东路和颐酒店
五星级酒店,上海大酒店
五星级酒店,上海锦江饭店
经济型,锦江之星品尚(上海新虹桥店)
五星级酒店,上海古象大酒店
高档型,云睿酒店(中山公园店)
高档型,上海蓝海博龙国际大酒店
四星级酒店,锦江国际饭店
经济型,锦江之星品尚（上海南京路步行街...
五星级酒店,上海虹桥锦江大酒店
豪华型,上海衡山路十二号豪华精选酒店
五星级酒店,上海金茂君悦大酒店
豪华型,上海外滩悦榕庄酒店
五星级酒店,上海佘山茂御臻品之选酒店(原佘...
五星级酒店,上海东方佘山索菲特大酒店
豪华型,上海浦东绿地铂骊酒店
豪华型,上海柏悦酒店
五星级酒店,上海浦东文华东方酒店
更多酒店住宿,薇爱精品时尚酒店(吴中店)
高档型,和颐酒店(上海延安西路店)
五星级酒店,上海四季酒店
舒适型,0578时尚主题酒店(曹杨店)
豪华型,上海品尊名致精品酒店公寓
精品酒店,艾森精品酒店(长寿路店)
五星级酒店,上海花园饭店
豪华型,上海外滩英迪格酒店
五星级酒店,上海浦西洲际酒店
豪华型,上海凯宾斯基大酒店
豪华型,上海虹口三至喜来登酒店
五星级酒店,上海世博洲际酒店
五星级酒店,上海龙之梦大酒店
豪华型,上海瑞金洲际酒店
豪华型,上海静安香格里拉大酒店
豪华型,上海新天地朗廷酒店
豪华型,上海浦东四季酒店
豪华型,上海虹桥元一希尔顿酒店
五星级酒店,上海明天广场JW万豪酒店
豪华型,上海雅居乐万豪酒店
豪华型,上海卓美亚喜玛拉雅酒店
豪华型,上海浦东丽思卡尔顿酒店
豪华型,上海外滩华尔道夫酒店
五星级酒店,上海和平饭店
豪华型,上海半岛酒店
五星级酒店,上海浦东香格里拉大酒店
五星级酒店,上海斯格威铂尔曼大酒店
五星级酒店,上海威斯汀大饭店
五星级酒店,上海世茂皇家艾美酒店
豪华型,璞丽酒店
五星级酒店,上海外滩茂悦大酒店
豪华型,上海浦东嘉里大酒店
五星级酒店,上海龙之梦万丽酒店
高档型,马勒别墅饭店
五星级酒店,上海希尔顿酒店
五星级酒店,上海锦江汤臣洲际大酒店
经济型,7天连锁酒店(广州天河燕塘地铁站...
高档型,广州华师大厦酒店(原华师粤海酒...
经济型,7天连锁酒店(广州三元里地铁站二...
经济型,御庭快捷酒店(上下九店)
经济型,盘丝洞青年旅舍
高档型,广州大信国际酒店
舒适型,金沙大酒店
舒适型,易成保利世贸国际公寓(保利世贸...
豪华型,广州香江温泉酒店
三星级酒店,广州市银座大酒店有限公司
舒适型,致家富力威尔斯国际公寓(华强路...
高档型,盛雅服务公寓
高档型,天一酒店(同福东路店)
舒适型,广东影星宾馆 客村地铁站店
舒适型,逸米酒店（黄花岗地铁站店）(原...
舒适型,铂晶·威尔斯国际公寓
舒适型,迎商酒店(西门口地铁站店)
高档型,广州柏逸酒店
高档型,MG琰丰公寓酒店(广州正佳金殿公...
经济型,如家快捷酒店(广州大道北店)
舒适型,一如酒店(广州火车东站沙河店)
经济型,如家快捷酒店(广州小西关店)
三星级酒店,广州宾馆
经济型,7天连锁酒店(广州上下九恒宝广场...
经济型,皓中精品酒店(广州动物园地铁站...
经济型,如家快捷酒店(滨江东路中山大学...
经济型,7天连锁酒店(广州区庄地铁站店)
经济型,城迹酒店(白云山广外店)
经济型,诺盟锦源国际公寓(北京路店)
高档型,健力百合酒店(广州东站店)
经济型,金泰酒店(天河车陂地铁站店)
舒适型,春天里精品酒店(燕塘店)
高档型,柏高商务酒店（广州江泰路地铁站...
四星级酒店,广州凯旋华美达大酒店
舒适型,南北纵横国际公寓(北京路金润铂...
豪华型,广州京溪礼顿酒店
经济型,富诚商务酒店
舒适型,迎商·雅兰酒店(广州北京路店)
经济型,桃园商务酒店
五星级酒店,广州白天鹅宾馆
高档型,广州东圃合景福朋喜来登酒店
经济型,7天连锁酒店(京溪南方医院店)
经济型,如家快捷酒店(沙园地铁站店)
高档型,广州海俊酒店
高档型,维也纳智好酒店(广州中山大道棠...
高档型,广州戴斯酒店
经济型,汉庭(广州燕子岗店)
高档型,维也纳酒店(广州机场二店)
豪华型,广州翡翠皇冠假日酒店
经济型,7天连锁酒店(广州荔湾路彩虹桥店...
经济型,住星酒店（北京路店）(原文星北...
舒适型,广州天美酒店
高档型,广州嘉福国际大酒店
经济型,7天连锁酒店(长寿路地铁站店)
经济型,7天连锁酒店(广州新市店)
高档型,广州丹顿行政公寓
经济型,7天连锁酒店(团一大广场地铁站店...
经济型,如家快捷酒店(广州天河岗顶地铁...
经济型,怡莱酒店(广州同和地铁站店)
经济型,广州怡悦主题酒店(原恋心屋情侣...
经济型,如家快捷酒店(广州墩和店)
五星级酒店,广州碧桂园凤凰城酒店
经济型,如家快捷酒店(赤岗店)
经济型,东山梓园青年旅舍
经济型,7天连锁酒店(沙园地铁站店)
经济型,如家快捷酒店(广州天河客运站店)
高档型,广州辉盛阁国际公寓
豪华型,方圆奥克伍德豪景酒店公寓
舒适型,全季酒店(广州东山口店)
舒适型,逸米酒店(广州中华广场店)
经济型,发祥宾馆(天河客运站店)
高档型,望谷温泉度假村
舒适型,全季酒店(广州越秀公园店)
高档型,维也纳酒店(广州云堡店)
经济型,花城之星连锁酒店
经济型,7天连锁酒店(广州客村店)
经济型,汉庭(广州岗顶西店)
经济型,7天连锁酒店(广州北京路步行街店...
经济型,汉庭(广州西门口地铁站店)
四星级酒店,广州十甫假日酒店
舒适型,全季酒店(广州珠江新城店)
经济型,逸米酒店(上下九长寿路地铁站店)
经济型,7天连锁酒店(广州芳村地铁站店)
豪华型,广州恒大酒店(金沙洲)
经济型,速8酒店(广州嘉禾望岗地铁站店)
高档型,鸣泉居度假村
五星级酒店,亚洲国际大酒店
豪华型,广州增城恒大酒店
舒适型,桐园别墅酒店(梅花园地铁站店)
舒适型,伊思德国际公寓(保利世贸中心店)
舒适型,迎商酒店(丽影广场店)
经济型,8天精品主题公寓(奥园广场店)
五星级酒店,广州中国大酒店
四星级酒店,广东胜利宾馆
高档型,广州颐和商务酒店
经济型,汉庭（广州东山口地铁站店）(原...
经济型,如家快捷酒店(广州珠江新城店)
豪华型,广交会威斯汀酒店
经济型,汉庭(广州西塱地铁站店)
经济型,汉庭(广州三元里地铁站店)
经济型,7天连锁酒店(宝业路店)
经济型,如家快捷酒店(广州番禺大石地铁...
豪华型,广州香雪国际酒店公寓
四星级酒店,广州华威达商务大酒店
舒适型,博雅假日酒店
经济型,7天连锁酒店(广州长隆北门店)
豪华型,广州日航酒店
豪华型,广州花都皇冠假日酒店
经济型,CD创意公寓(旗舰店)
经济型,锦江之星(江泰路地铁站店)
豪华型,广州亚特兰酒店
经济型,维也纳酒店(广州番禺市桥地铁站...
舒适型,悦品四季主题酒店
豪华型,广州云来斯堡酒店
经济型,寓米酒店(广州北京路地铁站店)
高档型,广州越秀宾馆
经济型,7天连锁酒店(广州东山口地铁站店...
豪华型,广州嘉逸皇冠酒店
经济型,速8酒店(广州三元里大道店)
经济型,汉庭(广州天河店)
高档型,柏高商务酒店(广州白云路店)
经济型,7天连锁酒店(广州江南西地铁站店...
经济型,锦江之星(广州荔湾陈家祠店)
高档型,柏高商务酒店(广州东风路省政府...
豪华型,广州花都木莲庄酒店
豪华型,东逸湾酒店
豪华型,同裕国际酒店
高档型,广州国际金融中心雅诗阁服务公寓
五星级酒店,广州白云机场铂尔曼大酒店
经济型,7天连锁酒店(岗顶地铁龙口东路店...
豪华型,广州雲凱酒店
经济型,2099爱情酒店(华师地铁店)
高档型,柏高商务酒店（广州太古汇石牌桥...
经济型,如家快捷酒店(岗顶石牌东店)
五星级酒店,南沙大酒店
舒适型,维也纳酒店(广州德康路店)
经济型,维也纳酒店(广州同和地铁站店)
五星级酒店,广州白云宾馆
豪华型,广州地中海国际酒店
更多酒店住宿,到啦精品主题酒店(中华广场店)
经济型,春田家家青年旅舍
经济型,如家酒店(圣地广场店)
舒适型,索特来文艺酒店(琶洲会展中心店)
经济型,7天连锁酒店(广州江南西地铁站江...
高档型,广州礼顿酒店
舒适型,科尔酒店
五星级酒店,东方宾馆
高档型,广州合晋帝苑酒店
经济型,布丁酒店(陈家祠上下九步行街店)
豪华型,珠江国际酒店
经济型,锦江之星(广州中山纪念堂店)
豪华型,广州中心皇冠假日酒店
五星级酒店,广州九龙湖公主酒店
更多酒店住宿,普兰内特概念酒店
豪华型,广州维多利酒店
高档型,船舶太古酒店
四星级酒店,珀丽酒店
豪华型,广州南丰朗豪酒店
经济型,如家快捷酒店(解放中路公园前地...
五星级酒店,广州星河湾酒店
豪华型,广州阳光酒店(广州店)
经济型,文星连锁酒店(北京路步行街店)
高档型,维也纳国际酒店（广州南站国际店...
高档型,维也纳酒店(广州长隆公园马戏店)
经济型,如家快捷酒店(江南西地铁站万国...
舒适型,索特来主题酒店(广州珠江新城店)
经济型,7天连锁酒店(广州新天河公园店)
豪华型,广州碧水湾温泉度假村
经济型,7天连锁酒店(广州北京路地铁站店...
高档型,维也纳酒店（广州火车站店）(原...
豪华型,广州正佳广场万豪酒店
高档型,广州达镖国际酒店
经济型,7天连锁酒店(广州天河东店)
五星级酒店,广州海航威斯汀酒店
五星级酒店,广州富力君悦大酒店
高档型,广州总统大酒店
高档型,麗枫酒店(广州天河正佳广场店)
经济型,广州迷途主题旅馆(海珠广场店)
豪华型,广州卡丽皇家金煦酒店
高档型,柏高商务酒店(广州区庄地铁站店)
豪华型,广州四季酒店
豪华型,广州丽柏国际酒店
豪华型,广州W酒店
豪华型,粤海喜来登酒店
豪华型,广州富力丽思卡尔顿酒店
豪华型,卡威尔酒店
豪华型,曼国国际酒店
高档型,木莲庄酒店
豪华型,广州文华东方酒店
经济型,如家快捷酒店(天河路体育西地铁...
豪华型,广州圣丰索菲特酒店
豪华型,广州天河希尔顿酒店
舒适型,呈爱主题精品酒店(团一大广场店)
五星级酒店,广州花园酒店
豪华型,广州希尔顿逸林酒店
经济型,尚好酒店公寓(夫子庙店)
高档型,桔子水晶酒店
经济型,汉庭(南京光华路店)
经济型,7天连锁酒店（南京国际博览中心...
经济型,汉庭(南京上海路地铁站店)
经济型,如家快捷酒店(夫子庙三山街地铁...
四星级酒店,黄埔大酒店
经济型,汉庭(南京新街口延龄巷店)
经济型,雅兰阁宾馆
经济型,如家快捷酒店(南京南湖路店)
经济型,如家快捷酒店(柳州东路店)
经济型,榴莲小星连锁酒店(泰山新村地铁...
经济型,莫泰酒店(南京紫金店)
经济型,7天连锁酒店(上海路地铁站店)
经济型,7天连锁酒店(南京珠江路东南大学...
经济型,莫泰酒店(南京火车站北广场店)
经济型,如家快捷酒店(明发广场店)
豪华型,南京汉府饭店
经济型,速8酒店(南京中山陵景区西店)
经济型,7天连锁酒店(开发区河定桥地铁站...
经济型,莫泰酒店（南京广州路随园大厦店...
三星级酒店,虹桥饭店
高档型,南京戴斯国际酒店
经济型,莫泰酒店(新街口汉中路店)
经济型,锦江之星(南京江宁胜太西路店)
经济型,7天连锁酒店(南京瑞金路店)
经济型,锦江之星(南京珠江路小营北路店)
经济型,释爱精品主题酒店(中山北路店)
经济型,海友客栈(南京珠江路店)
四星级酒店,南京山水大酒店
豪华型,南京方源金陵国际酒店
三星级酒店,白鹭宾馆(南京夫子庙店)
经济型,7天连锁酒店（南京玄武湖鸡鸣寺...
高档型,途家斯维登度假公寓(南京汤城东...
高档型,南京新城商务酒店
经济型,如家快捷酒店(南京新街口店)
经济型,布丁酒店(南京仙林大学城店)
经济型,清沐连锁酒店(南京大桥南路家乐...
经济型,汉庭(南京新街口王府大街店)
经济型,莫泰酒店(上元大街万达广场店)
经济型,爱之翼主题酒店(仙林大学城店)
经济型,如家快捷酒店(南京迈皋桥地铁站...
四星级酒店,江苏锦江南京饭店
经济型,意酒店(南京奥体店)
五星级酒店,明发珍珠泉大酒店
舒适型,南京国际博览中心酒店
经济型,简爱主题酒店(山西路中环店)
经济型,如家快捷酒店(三牌楼店)
高档型,南京金陵之星大酒店
经济型,布丁酒店(虎踞北路艺术学院店)
经济型,清沐连锁酒店(南京龙江新城市广...
经济型,四季阳光精品酒店(新街口店)
经济型,7天连锁酒店(南京长江大桥店)
经济型,月色风尚主题酒店(新街口城开国...
经济型,格林豪泰快捷酒店(桥北弘阳店)
经济型,7天连锁酒店(南京中央门火车站店...
经济型,锦江之星(南京林业大学花园路店)
四星级酒店,南京金陵晶元大酒店
高档型,南京大观视界酒店
四星级酒店,南京辰茂新世纪大酒店
经济型,布丁酒店(上海路地铁站店)
经济型,锦江之星(中山北路虹桥中心店)
经济型,百时快捷酒店(南京新街口店)
经济型,汉庭(南京新街口华侨路店)
高档型,江苏国贸国际大酒店
经济型,7天优品酒店(中山陵马群地铁站店...
经济型,青皮树酒店(南京福建路店)
经济型,清沐连锁酒店(南京珠江路百脑汇...
经济型,桔子酒店(新街口店)
经济型,肯定时尚酒店(新街口地铁站店)
经济型,7天连锁酒店(水西门云锦路地铁站...
经济型,锦江之星酒店(南京火车南站店)
经济型,斯维克精品酒店
经济型,锦江之星(南京迈皋桥店)
经济型,如家快捷酒店(南京中山东路解放...
经济型,汉庭(南京常府街店)
高档型,珍宝假日饭店(凤台南路店)
经济型,格林豪泰快捷酒店(南京新街口地...
经济型,7天连锁酒店(南京新街口店)
经济型,桔子酒店(玄武门店)
舒适型,南京超群精选酒店
经济型,锦江之星(南京火车站中央门店)
经济型,恋城情侣主题酒店
经济型,锦江之星(南京江宁天印大道店)
经济型,7天连锁酒店(南京林业大学花园路...
经济型,清沐连锁酒店(定淮门店)
青年旅舍,南京夫子庙国际青年旅舍
高档型,江苏凤凰京华大酒店
经济型,如家快捷酒店(水西门大街莫愁湖...
经济型,汉庭(南京中山风景区店)
四星级酒店,南京凤凰台饭店
四星级酒店,太和紫金大酒店
高档型,紫水晶酒店公寓(原置都阅湖行政...
经济型,肯定精品酒店(江东北路龙江地铁...
经济型,土丁青年酒店(夫子庙店)
经济型,汉庭(南京玄武湖店)
高档型,南京明日大酒店
经济型,7天连锁酒店(南京三牌楼虹桥中心...
经济型,莫泰酒店(南京火车站站前广场玄...
豪华型,南京银城皇冠假日酒店
舒适型,梦居场情侣主题酒店(天印大道地...
经济型,锦江之星(南京奥体黄山路店)
经济型,如家快捷酒店(新街口张府园地铁...
经济型,汉庭(南京新街口中心店)
经济型,汉庭(南京奥体中心店)
舒适型,古南都五D枕酒店
经济型,锦江之星(新街口朝天宫西街店)
高档型,珍宝假日饭店(奥体中心店)
四星级酒店,东方珍珠饭店
经济型,如家快捷酒店(户部街店)
经济型,格林豪泰快捷酒店(南京新街口王...
经济型,布丁酒店(汉中门莫愁湖地铁站店)
经济型,芒果酒店（莫愁湖地铁站店）(原...
经济型,布丁酒店(新街口张府园地铁站店)
经济型,格林豪泰快捷酒店(南京中央门火...
经济型,如家快捷酒店(湖南路店)
五星级酒店,南京丁山花园大酒店
经济型,汉庭(南京夫子庙店)
经济型,布丁酒店(南京中山陵孝陵卫店)
舒适型,不期而遇青果里客舍
豪华型,南京威斯汀酒店
豪华型,南京香樟华苹酒店
经济型,三毛酒店式公寓(夫子庙地铁站店)
经济型,如家快捷酒店(南京夫子庙通济门...
经济型,汉庭(南京汉中门地铁站店)
五星级酒店,南京金鹰皇冠假日酒店(原侨鸿皇...
四星级酒店,南京华东饭店
豪华型,南京商茂国际酒店
豪华型,南京阿尔卡迪亚国际酒店(环龙池...
高档型,南京中江书香世家酒店
豪华型,南京明发国际大酒店
豪华型,钟山宾馆
经济型,莫泰酒店(南京新街口明瓦廊店)
经济型,如家快捷酒店(南京新街口中心店)
经济型,汉庭(南京鼓楼店)
经济型,清沐连锁酒店(新街口丰富路店)
四星级酒店,南京曙光国际大酒店
豪华型,颐和公馆公寓
豪华型,仁恒辉盛阁酒店公寓
豪华型,南京香格里拉大酒店
经济型,唯爱之星主题宾馆(碑亭巷店)
经济型,清沐精品酒店(南京集庆门万达广...
舒适型,全季酒店(南京虹桥中山北路店)
五星级酒店,南京玄武饭店
五星级酒店,南京金丝利喜来登酒店
高档型,江苏天盛大酒店
舒适型,山水时尚酒店(南京南站店)
五星级酒店,南京国信状元楼大酒店
高档型,金汇大酒店(晶丽酒店管理)
经济型,清沐连锁酒店(珠江路西大影壁店)
经济型,7天连锁酒店(夫子庙地铁站景区店...
经济型,宜必思酒店(南京夫子庙店)
高档型,晶丽酒店
经济型,如家快捷酒店(夫子庙美食街店)
经济型,如家快捷酒店(南京月牙湖银城东...
豪华型,南京金陵江滨酒店
经济型,锦江之星(南京新街口店)
经济型,唯爱之星主题宾馆(新街口上海路...
高档型,南京玄武门亚朵酒店
豪华型,途家斯维登度假公寓(南京雨润中...
舒适型,古都文化酒店（南京新街口店）(...
经济型,7天连锁酒店(南京中山陵光华路店...
经济型,如家快捷酒店(六合金宁广场步行...
经济型,清沐精品酒店(南京丹凤街店)
五星级酒店,南京绿地御豪温泉酒店
五星级酒店,南京金陵饭店
高档型,南京涵田城市酒店
高档型,桔子水晶酒店(夫子庙店)
高档型,南京弘阳酒店
高档型,南京玄武苏宁银河诺富特酒店
豪华型,南京绿地洲际酒店
经济型,汉庭(南京新街口户部街店)
五星级酒店,南京苏宁索菲特银河大酒店
经济型,如家快捷酒店(南京汉中门地铁站...
舒适型,全季酒店(南京新街口店)
豪华型,南京金奥费尔蒙酒店
豪华型,南京紫金山庄
豪华型,南京水游城假日酒店
豪华型,南京万达希尔顿酒店
经济型,桔子酒店(夫子庙店)
高档型,南京新街口苏宁诺富特酒店
豪华型,南京汤山御庭臻品酒店
五星级酒店,南京维景国际大酒店
经济型,清沐连锁酒店(南京江宁万达竹山...
豪华型,南京凯铂精品酒店
豪华型,南京世茂滨江希尔顿酒店
豪华型,怡华酒店
五星级酒店,南京苏宁索菲特钟山高尔夫酒店
豪华型,金鹰珠江壹号国际酒店
豪华型,南京水晶蓝湾公寓酒店
高档型,桔子水晶酒店(三元巷店)
高档型,台北沃阁恋馆
五星级酒店,南京城市名人酒店
经济型,漫耕假日酒店(原全季酒店高淳店)
经济型,汉庭(南京中山东路总统府店)
舒适型,美宜家连锁酒店(新密西大街店)
高档型,郑州中晟卡莱顿大酒店
经济型,汉庭(郑州商城路店)
经济型,如家快捷酒店(郑州市文化路体育...
经济型,汉庭(郑州金水路二店)
经济型,小笨客栈(丰乐路金客店)
经济型,7天连锁酒店(火车站店)
四星级酒店,郑州鹰城鑫地饭店
经济型,黑妹酒店(二七广场店)
舒适型,郑州格林酒店管理有限公司
豪华型,璞居酒店(郑东新区店)
经济型,百纳连锁酒店(陇海路店)
舒适型,新品味时尚酒店
经济型,7天连锁酒店(郑州经三路世纪联华...
经济型,普罗旺斯主题酒店
经济型,世纪星连锁酒店(省博物院实验中...
四星级酒店,郑州未来康年大酒店
高档型,南北公馆(郑州会展中心店)
经济型,丰裕时尚酒店(新华路店)
经济型,龙湖天天假日酒店
四星级酒店,河南瑞贝卡大酒店
舒适型,龙吟堂大酒店
经济型,海之梦商务酒店
经济型,橙子时尚酒店(郑大一附院店)
经济型,中州商务酒店(郑州农业路店)
经济型,如家快捷酒店(郑州北环花园路店)
经济型,如家快捷酒店(郑州航海路店)
三星级酒店,嵩阳饭店
经济型,世纪星南浦国际酒店(曼哈顿店)
经济型,汉庭(郑州花园路店)
经济型,夏威夷时尚酒店
经济型,海馨青年酒店(经一路店)
经济型,7天连锁酒店(新通桥店)
经济型,汉庭连锁酒店(郑州文化路体育场...
经济型,世纪星连锁酒店(经三路金水路店)
经济型,7天连锁酒店(郑州淮河路店)
经济型,方圆商务酒店(郑州花园路店)
经济型,郑州好如家酒店(凯德店)
经济型,山河鸿风尚酒店
豪华型,郑州上街雅乐轩酒店
经济型,7天连锁酒店(郑州南阳路丰乐园店...
经济型,汉庭(郑州郑汴路店)
经济型,汉庭(郑州经开区第三大街店)
舒适型,东方威尼斯水世界大酒店
高档型,郑州M酒店
舒适型,五月时尚酒店(经七路店)
更多酒店住宿,艾唯尔情侣主题酒店
高档型,新亚国际大酒店
高档型,仟那园说精品酒店
经济型,郑州好如家酒店(顺河路店)
经济型,汉庭(郑州秦岭路店)
舒适型,索尔斯酒店
舒适型,爱笃 I DO 精品主题酒店(曼哈顿...
高档型,河南泓元大酒店
更多酒店住宿,万爱情侣主题酒店(曼哈顿广场店)
经济型,7天连锁酒店(郑州南阳路店)
经济型,月伴湾主题酒店(大上海城店)
经济型,汉庭(郑州花园北路店)
舒适型,致青春时尚酒店(火车站二七广场...
经济型,蜗牛之家旅馆
经济型,摩尔酒店
四星级酒店,弘润华夏大酒店
经济型,美宜家连锁酒店(经七路店)
经济型,锦江之星(郑州郑汴路店)
经济型,7天连锁酒店(郑州中原路万达广场...
经济型,果岭19商务酒店
经济型,如家快捷酒店(郑州火车站店)
经济型,红蚂蚁时尚酒店(郑东新区CBD店)
经济型,汉庭(郑州经三路店)
五星级酒店,永和铂爵国际酒店
高档型,绿城中州国际饭店(郑州CBD会展中...
四星级酒店,河南德亿大酒店
经济型,富驿时尚酒店(火车站店)
经济型,时光假日酒店
舒适型,爱美乐风格酒店
经济型,新元素主题酒店
经济型,华豫七彩复式酒店
经济型,方圆快捷酒店(火车站店)
高档型,郑州格瑞芙精品酒店
经济型,汉庭(会展中心店)
经济型,方圆快捷酒店
高档型,凯芙国际饭店
经济型,锦江之星(郑州大石桥店)
经济型,7天连锁酒店（郑州紫荆山东大街...
经济型,7天连锁酒店(郑州碧沙岗地铁站店...
经济型,7天连锁酒店(郑州北环索凌路店)
豪华型,郑州万达文华酒店
舒适型,橡树5季酒店(农业路店)
经济型,郑州好如家酒店(西大街二七广场...
经济型,浮城8号精品连锁酒店(文化路北环...
经济型,汉美时尚酒店
经济型,如家快捷酒店(郑州花园路国贸360...
舒适型,罗马假日酒店
经济型,未来宜居连锁酒店(经八路店)
经济型,蜗居主题时尚酒店(红专路店)
经济型,速8酒店(郑州纬四路店)
经济型,汉庭(郑州城东路店)
经济型,晶玺·爱丽舍酒店
经济型,7天连锁酒店(紫荆山地铁站店)
五星级酒店,裕达国贸酒店
经济型,橙子时尚酒店
高档型,悦俪善水酒店(新郑机场店)
三星级酒店,万度商务酒店
经济型,汉庭(郑州棉纺路店)
高档型,郑州吴家驿栈精品酒店
高档型,禅宗少林·照见山居
高档型,郑州百顺国际酒店
舒适型,未来宜居酒店(净宜店)
公寓式酒店,桔子假日酒店(二七万达店)
舒适型,安信铂客酒店(火车站二七广场店)
高档型,蓝孔雀世界风情旅馆
高档型,中州国际饭店(郑州农业路店)
五星级酒店,新密承誉德大酒店
高档型,郑州名人名家国际酒店
四星级酒店,河南新华建国饭店
高档型,郑州中州智选假日酒店
经济型,华益商务酒店(原格林豪泰经六路...
经济型,速8酒店(郑州火车站店)
经济型,汉庭(郑州金水路店)
经济型,7天连锁酒店(大上海城店)
豪华型,郑飞国际酒店
经济型,唯客时尚酒店
高档型,郑州航空港沃金大酒店
舒适型,速8酒店郑州火车站东北出站口店
经济型,海馨青年酒店(曼哈顿店)
经济型,7天连锁酒店(郑州市政府桐柏路店...
高档型,黄河迎宾馆
经济型,速8酒店(郑州二七广场店)
经济型,浮城8号连锁酒店(火车站二七广场...
经济型,锦江之星酒店(郑州中原路店)
经济型,莫泰酒店(郑州农业路文化路店)
经济型,汉庭(郑州二七广场店)
豪华型,天鹅城国际饭店
经济型,汉庭(郑州花园路省电视台店)
经济型,汉庭(郑州大学路店)
经济型,如家快捷酒店(郑州文化路东风路...
舒适型,河南格瑞斯国际酒店
豪华型,逸泉国际酒店
豪华型,郑州正方元锦江国际饭店
高档型,净隅酒店(未来北路店)
豪华型,东方维景国际大酒店
高档型,世纪星艾尚酒店(郑东新区高铁站...
经济型,郑州好如家酒店(家乐福店)
四星级酒店,丰乐园大酒店
舒适型,柏维风格酒店(郑州纬五路店)
五星级酒店,郑州建国饭店
经济型,旅行箱时尚酒店(商城路总店)
经济型,未来宜居酒店(少林店)
经济型,锦江之星(国贸360广场店)
经济型,7天连锁酒店(花园路店)
高档型,仟那精品酒店
经济型,锦江之星(郑州火车站店)
经济型,柠檬假日酒店(二七万达广场航院...
舒适型,半山星空景观酒店
高档型,净隅酒店(郑州中原福塔店)
经济型,四叶草时尚酒店
高档型,山水时尚酒店(农业路店)
经济型,MOKA摩卡连锁主题酒店
高档型,郑州百利中州国际饭店
经济型,锦江之星(郑州文化路店)
舒适型,云舍时尚酒店
五星级酒店,河南中州皇冠假日酒店
高档型,郑州粤海酒店
经济型,7天连锁酒店(郑州万象城店)
经济型,锦江之星(郑州国际会展中心高铁...
豪华型,郑州中油花园酒店
经济型,锦江之星(经七路店)
舒适型,全季酒店(郑州建设路店)
舒适型,雨果城市旅馆
高档型,宋基国际公益文化交流服务中心
豪华型,雅乐轩酒店(郑东新区高铁站店)
高档型,大浪淘沙时尚酒店
高档型,世纪星艾尚酒店(建业路店)
经济型,未来宜居酒店(货栈街店)
四星级酒店,登封禅武大酒店
四星级酒店,河南大河锦江饭店
五星级酒店,郑州索菲特国际饭店
客栈旅舍,喜鹊愉家旅馆(红专路店)
豪华型,郑州美盛喜来登大酒店
高档型,河南梧桐树假日酒店(会展中心高...
高档型,喜鹊愉家旅馆(东明路店)
豪华型,郑州建业艾美酒店
经济型,山楂树情侣主题酒店(二七万达店)
豪华型,郑州希尔顿酒店
经济型,紫藤精品酒店
客栈旅舍,喜鹊愉家旅馆(经六路店)
豪华型,郑州绿地JW万豪酒店
经济型,锦江之星(郑州城东路店)
豪华型,郑州美豪诺富特酒店
经济型,锦江之星(郑州航海中路二七万达...
经济型,天鹅恋情侣主题酒店
高档型,维也纳酒店(郑州机场店)
经济型,致青春主题酒店(英协路店)
经济型,唯爱精品酒店
高档型,中州国际饭店
经济型,莫泰酒店(解放大道古田三路店)
高档型,锦江都城酒店(武汉经开万达店)
经济型,豆豆智慧旅馆(丁字桥店)
四星级酒店,武汉长江大酒店
经济型,7天连锁酒店(王家湾地铁站店)
舒适型,糖果时尚酒店(杨家湾地铁站店)
经济型,莫泰酒店(发展大道花桥店)
经济型,如家快捷酒店(武汉菱角湖地铁站...
舒适型,皇家丽景艺术酒店(钟家村地铁站...
经济型,F9情侣酒店公寓(徐东大街销品茂...
四星级酒店,武汉金盾大酒店
经济型,新时代酒店式公寓(武展协和医院...
高档型,武汉亚贸恒升大酒店
豪华型,武汉阳光酒店
舒适型,晶银大酒店
经济型,武汉爱情公寓
舒适型,诗语主题酒店(江汉路步行街店)
经济型,阳光128酒店
高档型,武汉华天大酒店
经济型,城市便捷酒店(武汉长丰大道园博...
经济型,城市便捷酒店(武汉江夏店)
经济型,格林豪泰快捷酒店(武汉高铁站店)
舒适型,玲珑旭精品酒店
经济型,江城之星连锁酒店(金银谭永旺店)
经济型,摩尔假日酒店
豪华型,武汉莱斯国际酒店
经济型,汉庭(武汉万松园美食街店)
经济型,7天连锁酒店(武汉武胜路泰合广场...
经济型,豆豆智慧旅馆(武汉傅家坡客运站...
经济型,沿海之星假日酒店
高档型,武汉华岭戴斯酒店
舒适型,乔希尔城市酒店
豪华型,武汉金贵源洲际酒店
经济型,7天连锁酒店(武汉百步亭花园店)
经济型,四季茹家酒店(徐东大街店)
高档型,武汉光谷潮漫凯瑞国际酒店
经济型,7天连锁酒店(汉口江滩店)
经济型,7天连锁酒店(武汉光谷关山大道店...
四星级酒店,武汉美联假日酒店
经济型,7天连锁酒店(广埠屯地铁站店)
经济型,7天连锁酒店(虎泉街杨家湾地铁站...
经济型,巴黎之吻情侣酒店(积玉桥店)
舒适型,金隆豪泰假日酒店(钟家村地铁站...
经济型,格林豪泰商务酒店(紫阳东路店)
经济型,7天连锁酒店(沌口经济开发区店)
经济型,那天小栈咖啡旅馆
三星级酒店,循礼门饭店
经济型,莫泰酒店(武汉中山公园地铁站武)
高档型,武汉美辰悦尚精品酒店
舒适型,简爱艺术酒店(武昌火车站店)
经济型,达达连锁主题酒店(马房山通道店)
经济型,7天连锁酒店(亚贸店)
舒适型,运七酒店(汉阳店)
舒适型,华天精选酒店（武汉国际会展中心...
经济型,如家快捷酒店(武汉街道口店)
经济型,7天连锁酒店(步行街店)
经济型,汉庭(武汉江滩公园店)
高档型,麗枫酒店(武汉吴家山店)
豪华型,武汉纽宾凯光谷国际酒店
豪华型,武汉洪广大酒店
舒适型,易捷连锁酒店(新长盛广场店)
高档型,希岸酒店(武汉硚口路同济医院店)
高档型,武汉格瑞思酒店
经济型,莫泰酒店(复兴一村淮海路店)
经济型,7天连锁酒店(武汉江汉路吉庆街店...
经济型,如家快捷酒店(武汉六渡桥地铁站...
经济型,如家快捷酒店(京汉大道南京路店)
经济型,速8酒店(静安路店)
经济型,锦江之星(武汉经济技术开发区店)
舒适型,湖北1919酒店
舒适型,罗马假日酒店
经济型,7天连锁酒店(光谷工程大学店)
经济型,如家快捷酒店(武汉王家墩东地铁...
经济型,1314情侣度假屋(王家湾地铁站店)
经济型,如家快捷酒店(武汉中山大道汉正...
豪华型,武汉天际丽豪大酒店
经济型,V9假日连锁酒店(万松园美食街店)
经济型,京汉主题酒店(黄鹤楼首义路地铁...
经济型,7天连锁酒店(武汉积玉桥地铁站店...
经济型,如家快捷酒店(武汉钟家村地铁站...
经济型,城市便捷酒店(武汉体育中心店)
经济型,7天连锁酒店(黄鹤楼景区胭脂路店...
豪华型,武汉楚天粤海国际大酒店
经济型,7天连锁酒店(范湖地铁站店)
经济型,德莫风尚酒店
经济型,布丁酒店(武汉银泰创意城广埠屯...
经济型,7天连锁酒店(光谷步行街店)
豪华型,武汉玉树临风精品酒店
经济型,武汉欢乐格林酒店有限公司
舒适型,全季酒店(武汉光谷软件园店)
经济型,7天连锁酒店(武汉武大街道口店)
经济型,百时快捷酒店(江滩南京路店)
舒适型,好百年饭店
高档型,武汉梅园宾馆
经济型,宜必思酒店(武汉光谷广场店)
经济型,7天连锁酒店(武汉徐东湖北大学店...
经济型,如家快捷酒店(武汉唐家墩万达广...
经济型,艳阳天时尚旅店(宝丰路店)
舒适型,派尚主题酒店(解放公园店)
经济型,大城小爱主题酒店
经济型,怡莱酒店(武汉王家湾店)
舒适型,全季酒店(武汉光谷广场店)
经济型,城市便捷(街道口店)
豪华型,武汉新华诺富特大饭店
经济型,武汉市格林花园酒店投资管理有限...
经济型,如家快捷酒店(友谊大道建设二路...
经济型,如家快捷酒店(友谊大道湖北大学...
经济型,时客商务酒店
经济型,V9假日连锁酒店(江汉路步行街店)
高档型,武汉斯博兰花园酒店
豪华型,武汉沌口名致服务公寓
经济型,恋巢时尚酒店(武汉理工大东区店)
高档型,武汉虎泉青年酒店
舒适型,万达九号公寓
经济型,如家快捷酒店(江汉北路店)
经济型,7天连锁酒店(武汉大东门店)
经济型,7天连锁酒店(武汉华侨城欢乐谷店...
舒适型,乔希尔加州花园酒店(汉口店)
经济型,赛娜维主题酒店
四星级酒店,武汉亚洲大酒店
四星级酒店,武汉纽宾凯国际酒店
经济型,如家快捷酒店(武汉广埠屯店)
经济型,锦江之星(江滩南京路店)
高档型,武汉木兰天池度假酒店
经济型,汉庭(武汉江汉路步行街店)
舒适型,欧喜得精品酒店
经济型,7天连锁酒店(武汉户部巷店)
高档型,麗枫酒店(武汉高铁店)
高档型,武汉未来城大酒店
经济型,锦江之星(张之洞路店)
经济型,如家快捷酒店(汉阳大道王家湾地...
经济型,邂逅筝心主题酒店
四星级酒店,武汉晴川假日酒店
经济型,如家快捷酒店(武汉新华路取水楼...
经济型,普罗旺斯花园酒店(光谷店)
经济型,汉驿连锁旅店(步行街店)
豪华型,武汉汇豪大酒店
五星级酒店,武汉五月花大酒店
豪华型,武汉保利大酒店
豪华型,武汉兆瑞国际大酒店
经济型,锦江之星(武汉菱角湖万达店)
经济型,尚果创意酒店(黄鹤楼户部巷中华...
高档型,武汉黎都大酒店
经济型,城市便捷酒店（武汉武珞路中南宝...
经济型,锦江之星(丁字桥店)
经济型,锦江之星(武汉武昌火车站店)
豪华型,武汉碧桂园凤凰酒店
经济型,芭堤雅City酒店(江汉路店)
四星级酒店,武汉汉正瑞鑫大酒店
高档型,天美乐饭店(武汉江汉路店)
舒适型,天鹅恋情侣主题酒店(光谷步行街...
经济型,锦江之星(武汉徐东大街店)
经济型,7天连锁酒店(武汉王家墩东地铁站...
经济型,宜必思酒店(武汉同济医科大学店)
高档型,天美乐饭店(武汉宗关店)
经济型,锦江之星(武汉汉口火车站店)
经济型,格林联盟酒店(武汉汉口火车站店)
五星级酒店,武汉华美达光谷大酒店
高档型,武汉歌德假日酒店
经济型,锦江之星(武汉江滩步行街店)
经济型,布丁酒店(汉商银座店)
豪华型,武汉盛捷武胜服务公寓
豪华型,武汉君宜王朝大饭店
豪华型,武汉纽宾凯徐东国际酒店
豪华型,武汉汉口泛海喜来登酒店
经济型,尚果创意公寓酒店(江汉路店)
经济型,锦江之星品尚(武汉楚河汉街水果...
更多酒店住宿,果然主题酒店(菱角湖万达店)
豪华型,武汉万达威斯汀酒店
五星级酒店,武汉马哥孛罗酒店
高档型,武汉帝盛酒店
经济型,锦江之星品尚(武汉新华路店)
五星级酒店,武汉江城明珠豪生大酒店
高档型,美斯奇酒店(武汉古田店)
经济型,简爱主题酒店(光谷步行街店)
豪华型,武汉纽宾凯新时代国际酒店
高档型,武汉海庭龙安酒店
经济型,如家快捷酒店(武汉光谷步行街店)
经济型,锦江之星(万松园美食街店)
高档型,武汉37度2主题酒店
高档型,维也纳国际酒店(武汉解放大道店)
经济型,万爱情侣主题酒店(江汉步行街店)
豪华型,武汉丹枫白露酒店
豪华型,武汉万达瑞华酒店
舒适型,天鹅恋情侣主题酒店(积玉桥店)
豪华型,武汉万达嘉华酒店
五星级酒店,武汉光谷希尔顿酒店
五星级酒店,武汉香格里拉大酒店
经济型,锦江之星(黄浦大街店)
经济型,如家快捷酒店(武昌火车站千家街...
经济型,如家快捷酒店(武珞路傅家坡长途...
高档型,武汉添雅1911酒店
舒适型,她他主题酒店
五星级酒店,武汉锦江国际大酒店
豪华型,武汉纽宾凯鲁广国际酒店
三星级酒店,夏日荷花酒店(天津鼓楼店)
五星级酒店,天津万丽泰达酒店及会议中心
舒适型,全季酒店(天津梅江会展中心店)
经济型,汉庭(天津古文化街店)
经济型,莫泰酒店(天津泰达轻轨站店)
经济型,7天连锁酒店(天津大悦城南市食品...
舒适型,宜必思酒店（天津开发区泰达店）...
经济型,汉庭(天津天塔店)
经济型,汉庭(天津水上公园店)
经济型,如家快捷酒店(海河解放南路刘庄...
经济型,7天连锁酒店(鼓楼大悦城店)
经济型,南苑e家(天津和平路步行街店)
经济型,7天连锁酒店(天津复康路王顶堤店...
经济型,格林豪泰商务酒店(天津大悲院店)
四星级酒店,鑫茂天财酒店
经济型,IrisNest爱巢国际青年旅舍
四星级酒店,泰达中心酒店
经济型,泡泡主题宾馆
经济型,时光e栈酒店(王顶堤店)
经济型,锦江之星(天津塘沽店)
经济型,如家精选酒店(南京路小白楼地铁...
四星级酒店,惠中酒店
经济型,登发商务酒店
高档型,天津盛捷友谊服务公寓
经济型,如家快捷酒店(天津红旗路宜宾道...
经济型,7天连锁酒店(天津天津之眼摩天轮...
经济型,汉庭(天津之眼店)
经济型,7天连锁酒店(海河东路万达中心店...
经济型,浪漫满屋主题酒店
高档型,亚泰民族饭店
经济型,如家快捷酒店(天津白堤路百脑汇...
经济型,天天酒店式公寓
经济型,如家快捷酒店(天津东丽跃进路店)
经济型,如家快捷酒店(西青杨柳青新华道...
经济型,天津中心逸轩公寓
四星级酒店,天津滨海建国大酒店
经济型,如家快捷酒店(天津中山门店)
经济型,如家快捷酒店(天津南京路滨江道...
经济型,华勘商务酒店
经济型,7天连锁酒店(天津火车站店)
五星级酒店,泰达国际酒店
经济型,凯达源酒店
经济型,大悦城cookyhome酒店
经济型,汉庭(天津中山门店)
舒适型,天津智选假日酒店
经济型,格林豪泰贝壳酒店(天津和平路百...
经济型,如家快捷酒店（天津大直沽中路直...
经济型,时光e栈酒店(下瓦房店)
经济型,如家快捷酒店(西湖道赛博数码广...
经济型,逸轩风尚酒店(于家堡高铁站店)
经济型,锦江之星(天津开发区会展中心店)
经济型,海友酒店(天津奥体中心店)
经济型,锦江之星(天津鞍山西道店)
经济型,如家快捷酒店(天津顺驰桥华昌道...
经济型,如家快捷酒店(天津华苑复康西路...
经济型,格林豪泰快捷酒店(广开店)
经济型,南苑e家(人民医院店)
经济型,城市印象酒店公寓(时代奥城店)
经济型,格林豪泰商务酒店(天津北洋桥店)
高档型,天津艾丽华服务公寓
经济型,7天连锁酒店(天津微山路财经大学...
经济型,汉庭(天津下瓦房地铁站店)
经济型,千梦精品主题酒店
经济型,7天连锁酒店(天津长虹公园地铁站...
经济型,布丁酒店(天津滨江道商业街店)
经济型,汉庭(天津十一经路店)
经济型,汉庭(天津蓟县鼓楼店)
舒适型,天津滨海智选假日酒店
经济型,汉庭(天津五大道店)
经济型,格林联盟酒店(天津京津公路南仓...
舒适型,莫太概念酒店(塘沽洋货市场店)
四星级酒店,海富新都酒店
经济型,格林豪泰快捷酒店(天津古文化街...
高档型,威斯顿酒店
经济型,名郡LOFT酒店式公寓
高档型,美豪酒店(天津店)
经济型,锦江之星(天津空港店)
经济型,汉庭(天津友谊路文化中心店)
经济型,汉庭(天津河东万达店)
经济型,如家快捷酒店(天津向阳楼万达广...
经济型,sunny精品酒店公寓
经济型,格林豪泰商务酒店(天津西站天津...
豪华型,天津碧桂园凤凰酒店
经济型,汉庭(天津大学店)
豪华型,天津滨江凯隆酒店
五星级酒店,天津滨海圣光皇冠假日酒店
经济型,如家快捷酒店(鞍山道河南路总理...
经济型,汉庭(天津宾悦桥店)
四星级酒店,财富豪为酒店
经济型,桔子酒店·精选(解放南路店)
经济型,汉庭(天津鞍山道店)
四星级酒店,水晶宫饭店
经济型,汉庭(天津西沽公园店)
经济型,汉庭(天津小白楼店)
三星级酒店,太阳雨大酒店
经济型,如家快捷酒店(天津中山路美术学...
高档型,友谊宾馆(南京路店)
舒适型,天津和平智选假日酒店
经济型,汉庭(天津王顶堤店)
经济型,如家快捷酒店(中山路北站立交桥...
四星级酒店,天津政协俱乐部
经济型,汉庭(天津佟楼店)
经济型,汉庭(天津广开四马路店)
经济型,阁林豪泰酒店(天津直沽地铁站店)
经济型,布丁酒店(天津海河意式风情街店)
豪华型,京津新城凯悦酒店
经济型,汉庭(天津滨江道步行街店)
豪华型,天津梅江中心皇冠假日酒店
经济型,汉庭(天津开发区二大街店)
经济型,银座佳驿(天津五大道外国语学院...
经济型,锦江之星(天津人民医院店)
经济型,如家快捷酒店(天津津塘路淘宝街...
经济型,如家快捷酒店(天津长虹公园地铁...
高档型,宝丽金大酒店
经济型,如家快捷酒店（天津围堤道市文化...
舒适型,宜必思酒店(天津火车站店)
经济型,布丁酒店(天津医院土城地铁站店)
高档型,有园酒店
经济型,如家快捷酒店(天津北站金钟河大...
经济型,7天连锁酒店(开发区第三大街店)
经济型,锦江之星酒店(天津火车站店)
豪华型,天津滨海喜来登酒店
经济型,如家快捷酒店(天津王顶堤店)
经济型,7天连锁酒店(天津大学店)
五星级酒店,金皇大酒店
经济型,佛斯普瑞酒店(塘沽外滩金街店)
经济型,7天连锁酒店(海光寺店)
高档型,天鹅湖温泉度假村
经济型,锦江之星(天津和平鞍山道店)
经济型,7天连锁酒店(天津火车站后广场店...
高档型,格兰云天大酒店(金钟河大街店)
高档型,天津滨海假日酒店
舒适型,海洲国际酒店(奥体中心店)
豪华型,金泽大酒店
四星级酒店,晋滨国际大酒店
五星级酒店,天津喜来登酒店
四星级酒店,凯德大酒店
经济型,锦江之星(天津八纬路音乐学院店)
高档型,吉泰精品酒店(天津中山北路店)
经济型,7天连锁酒店(火车站后广场新开路...
经济型,如家快捷酒店(新开路店)
舒适型,全季酒店（天津小白楼店）(原大...
舒适型,全季酒店(天津文化中心店)
经济型,如家快捷酒店(红星路行政许可中...
经济型,格林豪泰快捷酒店(天津咸阳路店)
经济型,如家快捷酒店(睦南道外国语大学...
经济型,布丁酒店(天津火车站前广场店)
经济型,梧桐情趣主题酒店
四星级酒店,津利华大酒店
更多酒店住宿,QIJIA●其家●主题酒店
舒适型,桔子酒店.精选(东亚店)
经济型,东瀛118酒店
经济型,布丁酒店(金纬路天津美术学院店)
高档型,蜂巢酒店
经济型,如家快捷酒店(天津卫津路天津大...
豪华型,天津京蓟圣光万豪酒店
舒适型,全季酒店(天津友谊路店)
经济型,汉庭(天津中山路美院店)
经济型,银座佳驿(天津火车站唐家口店)
豪华型,滨海一号温泉度假酒店
舒适型,维也纳酒店(天津杨柳青店)
豪华型,天津京基皇冠假日酒店
经济型,如家快捷酒店(滨江道步行街店)
经济型,时光e栈酒店(小白楼店)
经济型,如家快捷酒店(天津古文化街金纬...
高档型,麗枫酒店(五大道店)
豪华型,索亚风尚酒店
豪华型,天津香格里拉大酒店
豪华型,天津万达文华酒店
经济型,情定爱琴海精品酒店(津塔店)
更多酒店住宿,时光漫步怀旧主题酒店
经济型,锦江之星(天津长江道店)
高档型,天津海河假日酒店
豪华型,天津中心唐拉雅秀酒店
高档型,维多利亚国际大酒店
豪华型,天津海河英迪格酒店
豪华型,天津君隆威斯汀酒店
豪华型,天津泛太平洋大酒店
舒适型,全季酒店(天津滨江道店)
豪华型,天津瑞吉金融街酒店
经济型,星程香槟小镇酒店
经济型,乌鲁木齐筑梦者太空舱公寓
五星级酒店,信达海德酒店
高档型,哈密大厦
更多酒店住宿,葡萄季主题酒店
经济型,松逸家庭宾馆
经济型,7天连锁酒店(阿勒泰路机场高速店...
经济型,如家快捷酒店(头宫军区总医院店)
经济型,陕西大厦
经济型,乌鲁木齐那里青年旅舍
三星级酒店,博尔塔拉大酒店
经济型,银华之星酒店
舒适型,瑞达花园酒店
经济型,7天连锁酒店(喀什西路机场店)
经济型,昊森宾馆(100小学店)
经济型,如家快捷酒店(乌鲁木齐红山市场...
经济型,乌鲁木齐怡家名人酒店
经济型,如家快捷酒店(黄河路中医院店)
高档型,乌鲁木齐君邦天山饭店
高档型,凯悦假日酒店
经济型,喀什国际大酒店(国际商贸城火车...
经济型,白天鹅酒店
三星级酒店,昆典酒店
舒适型,全季酒店（乌鲁木齐扬子江路店）...
五星级酒店,乌鲁木齐南航明珠酒店
经济型,海格尔商务酒店
经济型,温德堡商务酒店
更多酒店住宿,斑马主题宾馆(通嘉世纪城店)
经济型,桔子酒店(友好商城南巷店)
高档型,海螺酒店(维泰北路店)
三星级酒店,准噶尔大酒店
高档型,宇豪海逸酒店
高档型,鼎福酒店
舒适型,斑马主题酒店(太原路店)
经济型,美家快捷宾馆(东后街店)
舒适型,国华鑫伊酒店(百商广场店)
更多酒店住宿,蜂巢主题酒店
四星级酒店,乌鲁木齐海大酒店
经济型,梵尘客栈
高档型,香江丽华酒店
经济型,A家风尚酒店(火车南站碾子沟店)
舒适型,全季酒店(乌鲁木齐铁路局店)
四星级酒店,兵团大饭店
经济型,如家快捷酒店(碾子沟汽车站店)
经济型,大漠驿家休闲酒店
高档型,孔雀都城酒店
经济型,爱都假日酒店
更多酒店住宿,航空港精品酒店
经济型,南湖印象快捷宾馆(南湖家乐福店)
经济型,汉庭(乌鲁木齐红山路店)
经济型,海达乐庭主题商旅酒店(铁路局机...
三星级酒店,富丽华大酒店(黄河路店)
舒适型,A家风尚酒店
经济型,喀什噶尔饭店
经济型,速8酒店(乌鲁木齐鲤鱼山路店)
舒适型,好运通商务酒店(机场迎宾路民航...
经济型,西游太空舱公寓
豪华型,南山庄园酒店
舒适型,美食家大酒店
经济型,如家快捷酒店(乌鲁木齐人民路店)
四星级酒店,乌鲁木齐塞外江南大饭店
经济型,奥成快捷酒店
舒适型,海尔巴格大饭店
经济型,布丁酒店(乌鲁木齐王家梁店)
经济型,丽都商务酒店
舒适型,爱派皇冠酒店
经济型,7天连锁酒店(乌鲁木齐北门光明路...
经济型,如家快捷酒店(长江路经二路店)
豪华型,阳光酒店
经济型,国防宾馆
经济型,红宝石大酒店(团结路店)
四星级酒店,火炬大酒店(原火炬大厦)
五星级酒店,乌鲁木齐西北石油酒店
舒适型,怡家城市大饭店
经济型,如家快捷酒店(乌鲁木齐北门店)
经济型,鑫宇快捷宾馆
豪华型,玥舍精品酒店(乌鲁木齐北京路店)
四星级酒店,西域国际酒店
经济型,都市118连锁酒店(河北东路店)
经济型,芙蓉名帝商务酒店(机场1店)
经济型,7天连锁酒店(乌鲁木齐西北路明园...
经济型,如家快捷酒店(乌鲁木齐医科大学...
经济型,昊坤宾馆(西北路华凌店)
高档型,城市朗辰大酒店
经济型,如家快捷酒店(乌鲁木齐西大桥店)
经济型,亚馨大厦酒店
经济型,航缘酒店(机场迎宾路店)
更多酒店住宿,世纪之星(长江路店)
经济型,汉庭(乌鲁木齐小西沟店)
高档型,乌鲁木齐石油新疆培训中心
经济型,汉庭(乌鲁木齐黄河路店)
经济型,如家快捷酒店(乌鲁木齐黄河路店)
高档型,乌鲁木齐熙居酒店
经济型,汉庭(乌鲁木齐南湖店)
经济型,速8酒店(乌鲁木齐哈密路店)
高档型,绿城百合会所(红光山路店)
豪华型,乌鲁木齐锦江国际酒店
经济型,青旅集眠太空舱公寓(长江路店)
经济型,扬子水都酒店(六分店)
舒适型,凯旋时尚主题酒店(阿勒泰路店)
高档型,全顺酒店
高档型,金海湾度假酒店
四星级酒店,独山子大酒店
经济型,格林豪泰快捷酒店(乌鲁木齐北京...
经济型,品格商务酒店
高档型,爱克莎酒店
豪华型,新疆尊茂鸿福酒店
舒适型,君豪酒店(中亚北路店)
高档型,突玛丽斯大饭店
经济型,如家快捷酒店(市政府南湖广场店)
经济型,新疆自游驴国际青年旅舍
经济型,玛贝儿精品酒店
经济型,富森e嘉商务酒店
经济型,城市99时尚酒店(财经大学店)
高档型,建国饭店
三星级酒店,齐鲁百瑞大酒店
高档型,如意金元酒店(国际会展中心鲤鱼...
经济型,美斯特商务酒店(大西门店)
经济型,速8酒店(乌鲁木齐大西门店)
高档型,迪泰酒店
豪华型,乌鲁木齐维斯特温泉假日酒店
经济型,如家快捷酒店(乌鲁木齐西北路店)
三星级酒店,温州大酒店
经济型,乌鲁木齐航港宾馆
经济型,7天连锁酒店(延安路店)
经济型,华瑞鑫快捷酒店
舒适型,久居可主题商旅酒店(机场高铁店)
经济型,北屯饭店
经济型,汉庭(乌鲁木齐铁路局店)
经济型,格林联盟酒店（乌鲁木齐仓房沟路...
经济型,汉庭(乌鲁木齐火车站广场店)
经济型,新巢快捷酒店(明园店)
舒适型,江西大酒店
经济型,如家快捷酒店(北京南路店)
高档型,乌鲁木齐中和大酒店
经济型,丝绸之路国际滑雪场生态酒店
豪华型,乌鲁木齐希尔顿酒店
豪华型,东街禧玥酒店
经济型,幸福之家商务酒店
经济型,如家快捷酒店(乌鲁木齐北园春店)
更多酒店住宿,英朗主题酒店
四星级酒店,伊犁大酒店
经济型,忆酒店
高档型,乌鲁木齐米东国际大酒店
经济型,乌鲁木齐怡家城市饭店中山店
经济型,如家快捷酒店(乌鲁木齐南湖北路...
豪华型,乌鲁木齐塔里木石油酒店
经济型,汉庭(碾子沟店)
三星级酒店,金谷大酒店
舒适型,全季酒店(乌鲁木齐中山路店)
经济型,浙江大酒店
更多酒店住宿,O2主题酒店(农大店)
经济型,汉庭(乌鲁木齐友好店)
四星级酒店,东方王朝大酒店
高档型,怡家丽景酒店(乌鲁木齐丽景店)
经济型,格林豪泰商务酒店(乌鲁木齐新华...
经济型,海龙泉酒店(红山路店)
舒适型,如意酒店
高档型,友好大酒店
经济型,百时捷酒店(乌鲁木齐红山店)
经济型,格林豪泰商务酒店(乌鲁木齐明园...
五星级酒店,瑞豪国际酒店
豪华型,乌鲁木齐万达文华酒店
经济型,百时快捷酒店(乌鲁木齐南湖东路...
经济型,速8酒店(乌鲁木齐迎宾路店)
经济型,速8酒店(机场北区店)
五星级酒店,天缘酒店
五星级酒店,美丽华大酒店
五星级酒店,乌鲁木齐明园新时代大酒店
经济型,如家快捷酒店(大十字中泉广场店)
经济型,速8酒店(乌鲁木齐人民电影院店)
四星级酒店,乌鲁木齐吐哈石油大厦
舒适型,苏商大酒店
高档型,高地中心精品酒店
舒适型,嬉游客栈
五星级酒店,乌鲁木齐华凌雅高美爵大饭店
更多酒店住宿,爱尚主题酒店
经济型,速8酒店(乌鲁木齐南湖路店)
经济型,7天连锁酒店(乌鲁木齐小西沟店)
五星级酒店,新疆尊茂银都酒店
经济型,汉庭(乌鲁木齐长江路店)
高档型,北山7号精品酒店
舒适型,全季酒店(乌鲁木齐红山店)
高档型,八音和酒店
豪华型,乌鲁木齐环球国际大酒店
经济型,汉庭(乌鲁木齐于田街店)
经济型,汉庭(乌鲁木齐中山路店)
高档型,野马丝路驿站文化主题沙龙
五星级酒店,喜来登乌鲁木齐酒店
舒适型,全季酒店(乌鲁木齐友好店)
经济型,锦江之星(乌鲁木齐红旗路店)
精品酒店,Zhotels智尚酒店（乌鲁木齐人民...
高档型,百花村国际酒店
经济型,7天连锁酒店(乌鲁木齐医科大学店...
经济型,如家快捷酒店(火车站七一酱园店)
经济型,如家快捷酒店(乌鲁木齐中山路店)
经济型,汉庭(哈尔滨西客站店)
经济型,7天连锁酒店（哈尔滨火车站医大...
经济型,7天精品酒店（哈尔滨哈工大店）(...
经济型,乐驻快捷酒店
经济型,锦江之星(哈尔滨麦德龙店)
高档型,哈尔滨际丰假日酒店
经济型,春江宾馆(中央大街店)
经济型,天缘公寓
经济型,春天连锁宾馆(会展中心二店)
舒适型,京士顿宾馆(中央大街店)
经济型,棠枫艺术酒店(西客站店)
青年旅舍,派对花园青年旅舍(中央大街店)
豪华型,哈尔滨勃莱梅大酒店
舒适型,星程酒店(哈尔滨哈西万达店)
经济型,万达酒店式公寓(服装城店)
经济型,锦江之星(哈尔滨长江路店)
经济型,汉庭(哈尔滨哈工大店)
经济型,如家快捷酒店(建国街店)
经济型,春天时尚快捷酒店(健康路店)
经济型,禧龙宾馆(西五道街店)
四星级酒店,黑龙江金谷大厦
高档型,哈尔滨万宇科技园酒店
经济型,如家快捷酒店(哈尔滨省政府海城...
舒适型,伏尔加庄园酒店
四星级酒店,哈尔滨波斯特酒店
经济型,如家快捷酒店(红旗大街建北街店)
经济型,小资假日宾馆(中央大街店)
经济型,如家快捷酒店(麦凯乐店)
经济型,如家快捷酒店(民航路万达广场店)
四星级酒店,哈尔滨帕弗尔饭店
经济型,三驱公寓(西客站店)
经济型,遇见主题宾馆
经济型,行者咖啡酒店
经济型,中央大街公馆酒店
经济型,7天连锁酒店(西客站哈西服装城店...
经济型,7天连锁酒店(哈尔滨会展中心二店...
经济型,如家快捷酒店(宣化街店)
经济型,七彩假日旅馆(乐松店)
经济型,汉庭(哈尔滨会展中心店)
经济型,如家快捷酒店(海城市场店)
经济型,四季云端连锁宾馆(汉广街店)
经济型,卓越连锁酒店(果戈里店)
经济型,如家快捷酒店(防洪纪念塔店)
经济型,禧龙宾馆(通江店)
经济型,禧龙宾馆(文明店)
经济型,莫泰酒店(中央大街友谊路店)
经济型,如家快捷酒店(哈尔滨国展中心店)
经济型,7天连锁酒店(哈尔滨中央大街索菲...
高档型,哈尔滨华融饭店
高档型,勃莱梅假日酒店(哈尔滨索菲亚店)
豪华型,华旗饭店
经济型,健龙艺术家宾馆
经济型,迈典时尚主题连锁宾馆(凯德广场...
经济型,大洋宾馆(兆麟街店)
经济型,春天连锁宾馆(兆麟公园店)
高档型,哈尔滨冰岛酒店
经济型,和颐快捷酒店(会展店)
经济型,如家快捷酒店(哈尔滨学府服装城...
经济型,7天连锁酒店(通达街西大桥地铁站...
经济型,凯悦之星快捷宾馆
五星级酒店,哈尔滨索菲特大酒店
经济型,格林豪泰快捷酒店(哈尔滨火车站...
经济型,苹果假日酒店(新阳路中央大街机...
五星级酒店,哈尔滨香格里拉大酒店
经济型,袋鼠宾馆(中央大街店)
经济型,米兰假日时尚宾馆(中央大街店)
高档型,哈尔滨俊朗中央大酒店
舒适型,全季酒店(哈尔滨西大直街店)
舒适型,勃莱梅时尚客栈(中央大街店)
经济型,锦江之星(哈尔滨西大直街店)
经济型,SKY主题经典宾馆(果戈里店)
经济型,汉庭(哈尔滨中央大街店)
经济型,流光溢彩主题宾馆
豪华型,哈尔滨华特酒店
经济型,哈尼嘎嘎主题宾馆
经济型,如家快捷酒店(索菲亚教堂新一百...
经济型,宜必思酒店(兆麟街店)
高档型,哈尔滨维景假日酒店
四星级酒店,哈尔滨马迭尔宾馆
经济型,春天连锁宾馆(中央大街店)
经济型,莫泰酒店(哈尔滨东大直街秋林店)
经济型,如家快捷酒店(中央大街步行街店)
经济型,速8酒店(哈尔滨中央大街店)
舒适型,全季酒店(哈尔滨友谊路店)
经济型,春天连锁宾馆(中央大街三店)
高档型,哈尔滨雅悦精品酒店
高档型,哈尔滨雅客莱假日精品酒店
经济型,如家快捷酒店(哈尔滨中山路博物...
四星级酒店,哈尔滨万达假日酒店
经济型,7天优品酒店(哈尔滨中央大街店)
